idx,tactile_timestamp,arm_joint_pos,hand_curr_joint_pos,hand_target_joint_pos
0,1708577285.7579913,"[ 1.99516884e-03  5.19558868e-03  3.83509961e-03  6.95748756e-04
 -1.56995558e+00 -1.97074228e-03]","[ 1.80089343e+00  1.99417509e-02 -5.21553457e-02 -1.47262156e-01
  3.37475762e-02  0.00000000e+00  4.60194238e-03  1.53398083e-03
  3.83495204e-02  0.00000000e+00  6.13592332e-03  0.00000000e+00
  1.57539833e+00 -6.13592332e-03  4.35650557e-01 -3.39009762e-01]","[ 1.79180637  0.02801483 -0.06475065 -0.15892083  0.          0.
  0.          0.          0.          0.          0.          0.
  1.56874203 -0.010672    0.41290694 -0.36121452]"
1,1708577286.0049121,"[ 1.99462054e-03  5.01851710e-03  3.54392916e-03  6.95748756e-04
 -1.56992618e+00 -1.97167261e-03]","[ 1.80089343e+00  1.84077695e-02 -4.90873866e-02 -1.45728171e-01
  3.37475762e-02  0.00000000e+00  4.60194238e-03  1.53398083e-03
  3.83495204e-02  0.00000000e+00  6.13592332e-03  0.00000000e+00
  1.57386434e+00 -6.13592332e-03  4.37184513e-01 -3.40543747e-01]","[ 1.79180637  0.02801483 -0.06475065 -0.15892083  0.          0.
  0.          0.          0.          0.          0.          0.
  1.56874203 -0.010672    0.41290694 -0.36121452]"
2,1708577286.0975742,"[ 1.99462054e-03  4.94529981e-03  3.43620225e-03  6.95748756e-04
 -1.56989903e+00 -1.97112974e-03]","[ 1.80089343e+00  1.84077695e-02 -4.90873866e-02 -1.45728171e-01
  3.37475762e-02  0.00000000e+00  4.60194238e-03  1.53398083e-03
  3.83495204e-02  0.00000000e+00  6.13592332e-03  0.00000000e+00
  1.57386434e+00 -7.66990380e-03  4.37184513e-01 -3.39009762e-01]","[ 1.79180637  0.02801483 -0.06475065 -0.15892083  0.          0.
  0.          0.          0.          0.          0.          0.
  1.56874203 -0.010672    0.41290694 -0.36121452]"
3,1708577286.2509334,"[ 1.99407225e-03  4.92141332e-03  3.38757124e-03  6.94888558e-04
 -1.56987641e+00 -1.97067735e-03]","[ 1.80089343e+00  1.68737881e-02 -4.90873866e-02 -1.45728171e-01
  3.37475762e-02  0.00000000e+00  4.60194238e-03  1.53398083e-03
  3.83495204e-02  0.00000000e+00  6.13592332e-03  0.00000000e+00
  1.57386434e+00 -7.66990380e-03  4.37184513e-01 -3.39009762e-01]","[ 1.79180637  0.02801483 -0.06475065 -0.15892083  0.          0.
  0.          0.          0.          0.          0.          0.
  1.56874203 -0.010672    0.41290694 -0.36121452]"
4,1708577286.3792186,"[ 1.99352395e-03  4.89804610e-03  3.35740771e-03  6.94888558e-04
 -1.56985606e+00 -1.97027020e-03]","[ 1.80089343e+00  1.68737881e-02 -4.90873866e-02 -1.45728171e-01
  3.37475762e-02  0.00000000e+00  4.60194238e-03  1.53398083e-03
  3.83495204e-02  0.00000000e+00  7.66990380e-03  0.00000000e+00
  1.57386434e+00 -7.66990380e-03  4.37184513e-01 -3.39009762e-01]","[ 1.79180637  0.02801483 -0.06475065 -0.15892083  0.          0.
  0.          0.          0.          0.          0.          0.
  1.56874203 -0.010672    0.41290694 -0.36121452]"
5,1708577286.4838865,"[ 1.99352395e-03  4.88298723e-03  3.33832466e-03  6.94888558e-04
 -1.56983118e+00 -1.97129101e-03]","[ 1.80089343e+00  1.68737881e-02 -4.90873866e-02 -1.45728171e-01
  3.37475762e-02  0.00000000e+00  4.60194238e-03  1.53398083e-03
  3.83495204e-02  0.00000000e+00  6.13592332e-03  0.00000000e+00
  1.57386434e+00 -7.66990380e-03  4.37184513e-01 -3.39009762e-01]","[ 1.79180637  0.02801483 -0.06475065 -0.15892083  0.          0.
  0.          0.          0.          0.          0.          0.
  1.56874203 -0.010672    0.41290694 -0.36121452]"
6,1708577286.600465,"[ 1.99297565e-03  4.86948617e-03  3.32108835e-03  6.94888558e-04
 -1.56980629e+00 -1.97079338e-03]","[ 1.80089343e+00  1.68737881e-02 -4.90873866e-02 -1.45728171e-01
  3.37475762e-02  0.00000000e+00  4.60194238e-03  1.53398083e-03
  3.83495204e-02  0.00000000e+00  6.13592332e-03  0.00000000e+00
  1.57386434e+00 -7.66990380e-03  4.37184513e-01 -3.39009762e-01]","[ 1.79180637  0.02801483 -0.06475065 -0.15892083  0.          0.
  0.          0.          0.          0.          0.          0.
  1.56874203 -0.010672    0.41290694 -0.36121452]"
7,1708577286.7431822,"[ 1.99297565e-03  4.85546584e-03  3.30692996e-03  6.94888558e-04
 -1.56978820e+00 -1.97043147e-03]","[ 1.80089343e+00  1.68737881e-02 -4.90873866e-02 -1.45728171e-01
  3.37475762e-02  0.00000000e+00  4.60194238e-03  1.53398083e-03
  3.83495204e-02  0.00000000e+00  6.13592332e-03  0.00000000e+00
  1.57386434e+00 -7.66990380e-03  4.37184513e-01 -3.39009762e-01]","[ 1.79180637  0.02801483 -0.06475065 -0.15892083  0.          0.
  0.          0.          0.          0.          0.          0.
  1.56874203 -0.010672    0.41290694 -0.36121452]"
8,1708577286.8702955,"[ 1.99242736e-03  4.84456114e-03  3.29769622e-03  6.94888558e-04
 -1.56976784e+00 -1.97002432e-03]","[ 1.80089343e+00  1.68737881e-02 -4.90873866e-02 -1.45728171e-01
  3.37475762e-02  0.00000000e+00  4.60194238e-03  1.53398083e-03
  3.83495204e-02  0.00000000e+00  6.13592332e-03  0.00000000e+00
  1.57386434e+00 -7.66990380e-03  4.37184513e-01 -3.39009762e-01]","[ 1.79180637  0.02801483 -0.06475065 -0.15892083  0.          0.
  0.          0.          0.          0.          0.          0.
  1.56874203 -0.010672    0.41290694 -0.36121452]"
9,1708577286.9978929,"[ 1.99187906e-03  4.83729134e-03  3.28846249e-03  6.94888558e-04
 -1.56974673e+00 -1.96960209e-03]","[ 1.80089343e+00  1.84077695e-02 -4.90873866e-02 -1.45728171e-01
  3.37475762e-02  0.00000000e+00  4.60194238e-03  1.53398083e-03
  3.83495204e-02  0.00000000e+00  6.13592332e-03  0.00000000e+00
  1.57386434e+00 -7.66990380e-03  4.37184513e-01 -3.39009762e-01]","[ 1.79180637  0.02801483 -0.06475065 -0.15892083  0.          0.
  0.          0.          0.          0.          0.          0.
  1.56874203 -0.010672    0.41290694 -0.36121452]"
10,1708577287.1056194,"[ 1.99187906e-03  4.82794445e-03  3.27984433e-03  6.94888558e-04
 -1.56971883e+00 -1.97056258e-03]","[ 1.80089343e+00  1.99417509e-02 -4.90873866e-02 -1.45728171e-01
  3.37475762e-02  0.00000000e+00  4.60194238e-03  1.53398083e-03
  3.83495204e-02  0.00000000e+00  6.13592332e-03  0.00000000e+00
  1.57386434e+00 -7.66990380e-03  4.37184513e-01 -3.39009762e-01]","[ 1.79180637  0.02801483 -0.06475065 -0.15892083  0.          0.
  0.          0.          0.          0.          0.          0.
  1.56874203 -0.010672    0.41290694 -0.36121452]"
11,1708577287.250211,"[ 1.99187906e-03  4.82379028e-03  3.27676642e-03  6.94888558e-04
 -1.56970224e+00 -1.97023083e-03]","[ 1.80089343e+00  1.84077695e-02 -4.90873866e-02 -1.45728171e-01
  3.37475762e-02  0.00000000e+00  4.60194238e-03  1.53398083e-03
  3.83495204e-02  0.00000000e+00  6.13592332e-03  0.00000000e+00
  1.57386434e+00 -7.66990380e-03  4.37184513e-01 -3.39009762e-01]","[ 1.79180637  0.02801483 -0.06475065 -0.15892083  0.          0.
  0.          0.          0.          0.          0.          0.
  1.56874203 -0.010672    0.41290694 -0.36121452]"
12,1708577287.350294,"[ 1.99078246e-03  4.81652048e-03  3.26876385e-03  6.94888558e-04
 -1.56967435e+00 -1.96967288e-03]","[ 1.80089343e+00  2.14757305e-02 -4.90873866e-02 -1.45728171e-01
  3.37475762e-02  0.00000000e+00  4.60194238e-03  1.53398083e-03
  3.83495204e-02  0.00000000e+00  6.13592332e-03  0.00000000e+00
  1.57386434e+00 -7.66990380e-03  4.37184513e-01 -3.39009762e-01]","[ 1.79180637  0.02801483 -0.06475065 -0.15892083  0.          0.
  0.          0.          0.          0.          0.          0.
  1.56874203 -0.010672    0.41290694 -0.36121452]"
13,1708577287.4997196,"[ 1.99078246e-03  4.81080849e-03  3.26383919e-03  6.94888558e-04
 -1.56965097e+00 -1.97072385e-03]","[ 1.80089343e+00  1.99417509e-02 -4.90873866e-02 -1.45728171e-01
  3.37475762e-02  0.00000000e+00  4.60194238e-03  1.53398083e-03
  3.83495204e-02  0.00000000e+00  6.13592332e-03  0.00000000e+00
  1.57386434e+00 -7.66990380e-03  4.37184513e-01 -3.39009762e-01]","[ 1.79180637  0.02801483 -0.06475065 -0.15892083  0.          0.
  0.          0.          0.          0.          0.          0.
  1.56874203 -0.010672    0.41290694 -0.36121452]"
14,1708577287.6200736,"[ 1.99078246e-03  4.80457723e-03  3.25706779e-03  6.94888558e-04
 -1.56961101e+00 -1.96992463e-03]","[ 1.80089343e+00  1.84077695e-02 -4.90873866e-02 -1.45728171e-01
  3.37475762e-02  0.00000000e+00  4.60194238e-03  1.53398083e-03
  3.83495204e-02  0.00000000e+00  7.66990380e-03  0.00000000e+00
  1.57386434e+00 -7.66990380e-03  4.37184513e-01 -3.39009762e-01]","[ 1.79180637  0.02801483 -0.06475065 -0.15892083  0.          0.
  0.          0.          0.          0.          0.          0.
  1.56874203 -0.010672    0.41290694 -0.36121452]"
15,1708577287.7529361,"[ 1.99078246e-03  4.79886525e-03  3.25152755e-03  6.94888558e-04
 -1.56958915e+00 -1.96948732e-03]","[ 1.79935944e+00  1.84077695e-02 -4.90873866e-02 -1.45728171e-01
  3.37475762e-02  0.00000000e+00  4.60194238e-03  1.53398083e-03
  3.83495204e-02  0.00000000e+00  6.13592332e-03  0.00000000e+00
  1.57079637e+00 -7.66990380e-03  4.37184513e-01 -3.39009762e-01]","[ 1.79180637  0.02801483 -0.06475065 -0.15892083  0.          0.
  0.          0.          0.          0.          0.          0.
  1.56874203 -0.010672    0.41290694 -0.36121452]"
16,1708577287.8997319,"[ 1.99023417e-03  4.79626889e-03  3.24783405e-03  6.94888558e-04
 -1.56957633e+00 -1.96923096e-03]","[ 1.80089343e+00  1.84077695e-02 -4.90873866e-02 -1.45728171e-01
  3.37475762e-02  0.00000000e+00  4.60194238e-03  1.53398083e-03
  3.83495204e-02  0.00000000e+00  6.13592332e-03  0.00000000e+00
  1.57079637e+00 -7.66990380e-03  4.37184513e-01 -3.39009762e-01]","[ 1.79180637  0.02801483 -0.06475065 -0.15892083  0.          0.
  0.          0.          0.          0.          0.          0.
  1.56874203 -0.010672    0.41290694 -0.36121452]"
17,1708577288.0262873,"[ 1.99023417e-03  4.79263399e-03  3.24537172e-03  6.94028360e-04
 -1.56955748e+00 -1.97037241e-03]","[ 1.80089343e+00  1.84077695e-02 -4.90873866e-02 -1.45728171e-01
  3.37475762e-02  0.00000000e+00  4.60194238e-03  1.53398083e-03
  3.83495204e-02  0.00000000e+00  6.13592332e-03  0.00000000e+00
  1.57233036e+00 -7.66990380e-03  4.37184513e-01 -3.39009762e-01]","[ 1.79180637  0.02801483 -0.06475065 -0.15892083  0.          0.
  0.          0.          0.          0.          0.          0.
  1.56874203 -0.010672    0.41290694 -0.36121452]"
18,1708577288.134556,"[ 1.99023417e-03  4.78951836e-03  3.24290939e-03  6.94028360e-04
 -1.56953712e+00 -1.96996526e-03]","[ 1.80089343e+00  1.53398076e-02 -4.90873866e-02 -1.45728171e-01
  3.37475762e-02  0.00000000e+00  4.60194238e-03  1.53398083e-03
  3.83495204e-02  0.00000000e+00  6.13592332e-03  0.00000000e+00
  1.57079637e+00 -7.66990380e-03  4.37184513e-01 -3.39009762e-01]","[ 1.79180637  0.02801483 -0.06475065 -0.15892083  0.          0.
  0.          0.          0.          0.          0.          0.
  1.56874203 -0.010672    0.41290694 -0.36121452]"
19,1708577288.2653303,"[ 1.98968587e-03  4.78536419e-03  3.23983148e-03  6.94028360e-04
 -1.56951978e+00 -1.96961843e-03]","[ 1.80089343e+00  1.22718466e-02 -4.90873866e-02 -1.45728171e-01
  3.37475762e-02  0.00000000e+00  4.60194238e-03  1.53398083e-03
  3.83495204e-02  0.00000000e+00  6.13592332e-03  0.00000000e+00
  1.57079637e+00 -7.66990380e-03  4.37184513e-01 -3.39009762e-01]","[ 1.79180637  0.02801483 -0.06475065 -0.15892083  0.          0.
  0.          0.          0.          0.          0.          0.
  1.56874203 -0.010672    0.41290694 -0.36121452]"
20,1708577288.4162,"[ 1.98968587e-03  4.78069074e-03  3.23552241e-03  6.94028360e-04
 -1.56950244e+00 -1.96927159e-03]","[ 1.80089343e+00  1.38058271e-02 -4.90873866e-02 -1.45728171e-01
  3.37475762e-02  0.00000000e+00  4.60194238e-03  1.53398083e-03
  3.83495204e-02  0.00000000e+00  6.13592332e-03  0.00000000e+00
  1.57079637e+00 -7.66990380e-03  4.37184513e-01 -3.39009762e-01]","[ 1.79180637  0.02801483 -0.06475065 -0.15892083  0.          0.
  0.          0.          0.          0.          0.          0.
  1.56874203 -0.010672    0.41290694 -0.36121452]"
21,1708577288.659186,"[ 1.98968587e-03  4.77601730e-03  3.23244449e-03  6.94028360e-04
 -1.56948887e+00 -1.96900016e-03]","[ 1.80089343e+00  1.38058271e-02 -4.90873866e-02 -1.45728171e-01
  3.37475762e-02  0.00000000e+00  4.60194238e-03  1.53398083e-03
  3.83495204e-02  0.00000000e+00  6.13592332e-03  0.00000000e+00
  1.57079637e+00 -7.66990380e-03  4.37184513e-01 -3.39009762e-01]","[ 1.79180637  0.02801483 -0.06475065 -0.15892083  0.          0.
  0.          0.          0.          0.          0.          0.
  1.56874203 -0.010672    0.41290694 -0.36121452]"
22,1708577288.7879927,"[ 1.98913757e-03  4.77290167e-03  3.23121333e-03  6.94028360e-04
 -1.56947605e+00 -1.96874381e-03]","[ 1.80089343e+00  1.53398076e-02 -4.90873866e-02 -1.45728171e-01
  3.37475762e-02  0.00000000e+00  4.60194238e-03  1.53398083e-03
  3.83495204e-02  0.00000000e+00  6.13592332e-03  0.00000000e+00
  1.57079637e+00 -7.66990380e-03  4.37184513e-01 -3.39009762e-01]","[ 1.79180637  0.02801483 -0.06475065 -0.15892083  0.          0.
  0.          0.          0.          0.          0.          0.
  1.56874203 -0.010672    0.41290694 -0.36121452]"
23,1708577288.9330544,"[ 1.98913757e-03  4.76926677e-03  3.22875100e-03  6.94028360e-04
 -1.56946323e+00 -1.97000589e-03]","[ 1.80089343e+00  1.53398076e-02 -4.90873866e-02 -1.45728171e-01
  3.37475762e-02  0.00000000e+00  4.60194238e-03  1.53398083e-03
  3.83495204e-02  0.00000000e+00  6.13592332e-03  0.00000000e+00
  1.57233036e+00 -7.66990380e-03  4.37184513e-01 -3.39009762e-01]","[ 1.79180637  0.02801483 -0.06475065 -0.15892083  0.          0.
  0.          0.          0.          0.          0.          0.
  1.56874203 -0.010672    0.41290694 -0.36121452]"
24,1708577289.0751462,"[ 1.98913757e-03  4.76563187e-03  3.22690425e-03  6.94028360e-04
 -1.56945494e+00 -1.96984001e-03]","[ 1.80089343e+00  1.53398076e-02 -4.90873866e-02 -1.45728171e-01
  3.37475762e-02  0.00000000e+00  4.60194238e-03  1.53398083e-03
  3.83495204e-02  0.00000000e+00  6.13592332e-03  0.00000000e+00
  1.57079637e+00 -7.66990380e-03  4.37184513e-01 -3.39009762e-01]","[ 1.79180637  0.02801483 -0.06475065 -0.15892083  0.          0.
  0.          0.          0.          0.          0.          0.
  1.56874203 -0.010672    0.41290694 -0.36121452]"
25,1708577289.2177138,"[ 1.98858928e-03  4.76095843e-03  3.22505751e-03  6.94028360e-04
 -1.56944061e+00 -1.96955350e-03]","[ 1.80089343e+00  1.53398076e-02 -4.90873866e-02 -1.45728171e-01
  3.37475762e-02  0.00000000e+00  4.60194238e-03  1.53398083e-03
  3.83495204e-02  0.00000000e+00  6.13592332e-03  0.00000000e+00
  1.57233036e+00 -7.66990380e-03  4.37184513e-01 -3.39009762e-01]","[ 1.79180637  0.02801483 -0.06475065 -0.15892083  0.          0.
  0.          0.          0.          0.          0.          0.
  1.56874203 -0.010672    0.41290694 -0.36121452]"
26,1708577289.3732996,"[ 1.98858928e-03  4.75524644e-03  3.22382634e-03  6.94028360e-04
 -1.56943006e+00 -1.96934239e-03]","[ 1.80089343e+00  1.53398076e-02 -4.90873866e-02 -1.45728171e-01
  3.37475762e-02  0.00000000e+00  4.60194238e-03  1.53398083e-03
  3.83495204e-02  0.00000000e+00  6.13592332e-03  0.00000000e+00
  1.57233036e+00 -7.66990380e-03  4.37184513e-01 -3.39009762e-01]","[ 1.79180637  0.02801483 -0.06475065 -0.15892083  0.          0.
  0.          0.          0.          0.          0.          0.
  1.56874203 -0.010672    0.41290694 -0.36121452]"
27,1708577289.5231197,"[ 1.98858928e-03  4.75316935e-03  3.22321076e-03  6.94028360e-04
 -1.56942553e+00 -1.96925191e-03]","[ 1.80089343e+00  1.53398076e-02 -4.90873866e-02 -1.45728171e-01
  3.37475762e-02  0.00000000e+00  4.60194238e-03  1.53398083e-03
  3.83495204e-02  0.00000000e+00  6.13592332e-03  0.00000000e+00
  1.57233036e+00 -7.66990380e-03  4.37184513e-01 -3.39009762e-01]","[ 1.79180637  0.02801483 -0.06475065 -0.15892083  0.          0.
  0.          0.          0.          0.          0.          0.
  1.56874203 -0.010672    0.41290694 -0.36121452]"
28,1708577289.638467,"[ 1.98858928e-03  4.75005372e-03  3.22197959e-03  6.94028360e-04
 -1.56941950e+00 -1.96913127e-03]","[ 1.80089343e+00  1.53398076e-02 -4.90873866e-02 -1.45728171e-01
  3.37475762e-02  0.00000000e+00  4.60194238e-03  1.53398083e-03
  3.83495204e-02  0.00000000e+00  6.13592332e-03  0.00000000e+00
  1.57233036e+00 -7.66990380e-03  4.37184513e-01 -3.39009762e-01]","[ 1.79180637  0.02801483 -0.06475065 -0.15892083  0.          0.
  0.          0.          0.          0.          0.          0.
  1.56874203 -0.010672    0.41290694 -0.36121452]"
29,1708577289.7391367,"[ 1.98858928e-03  4.74693809e-03  3.22074843e-03  6.94028360e-04
 -1.56941121e+00 -1.96896539e-03]","[ 1.80089343e+00  1.68737881e-02 -4.90873866e-02 -1.45728171e-01
  3.37475762e-02  0.00000000e+00  4.60194238e-03  1.53398083e-03
  3.83495204e-02  0.00000000e+00  6.13592332e-03  0.00000000e+00
  1.57233036e+00 -7.66990380e-03  4.37184513e-01 -3.39009762e-01]","[ 1.79180637  0.02801483 -0.06475065 -0.15892083  0.          0.
  0.          0.          0.          0.          0.          0.
  1.56874203 -0.010672    0.41290694 -0.36121452]"
30,1708577289.8853784,"[ 1.98858928e-03  4.74382247e-03  3.22013285e-03  6.94028360e-04
 -1.56939914e+00 -1.96872412e-03]","[ 1.80089343e+00  1.68737881e-02 -4.90873866e-02 -1.45728171e-01
  3.22135948e-02  0.00000000e+00  4.60194238e-03  1.53398083e-03
  3.83495204e-02  0.00000000e+00  6.13592332e-03  0.00000000e+00
  1.57233036e+00 -7.66990380e-03  4.37184513e-01 -3.39009762e-01]","[ 1.79180637  0.02801483 -0.06475065 -0.15892083  0.          0.
  0.          0.          0.          0.          0.          0.
  1.56874203 -0.010672    0.41290694 -0.36121452]"
31,1708577290.034808,"[ 1.98858928e-03  4.74018756e-03  3.21890168e-03  6.94028360e-04
 -1.56939010e+00 -1.96854316e-03]","[ 1.80089343e+00  1.68737881e-02 -4.90873866e-02 -1.45728171e-01
  3.22135948e-02  0.00000000e+00  4.60194238e-03  1.53398083e-03
  3.83495204e-02  0.00000000e+00  6.13592332e-03  0.00000000e+00
  1.57079637e+00 -7.66990380e-03  4.37184513e-01 -3.39009762e-01]","[ 1.79180637  0.02801483 -0.06475065 -0.15892083  0.          0.
  0.          0.          0.          0.          0.          0.
  1.56874203 -0.010672    0.41290694 -0.36121452]"
32,1708577290.182757,"[ 1.98804098e-03  4.73759121e-03  3.21767052e-03  6.94028360e-04
 -1.56938180e+00 -1.96989572e-03]","[ 1.80089343e+00  1.68737881e-02 -4.90873866e-02 -1.45728171e-01
  3.22135948e-02  0.00000000e+00  4.60194238e-03  1.53398083e-03
  3.83495204e-02  0.00000000e+00  6.13592332e-03  0.00000000e+00
  1.57079637e+00 -7.66990380e-03  4.37184513e-01 -3.39009762e-01]","[ 1.79180637  0.02801483 -0.06475065 -0.15892083  0.          0.
  0.          0.          0.          0.          0.          0.
  1.56874203 -0.010672    0.41290694 -0.36121452]"
33,1708577290.309878,"[ 1.98804098e-03  4.73603339e-03  3.21643935e-03  6.94028360e-04
 -1.56937728e+00 -1.96980525e-03]","[ 1.80089343e+00  1.84077695e-02 -4.90873866e-02 -1.45728171e-01
  3.22135948e-02  0.00000000e+00  4.60194238e-03  1.53398083e-03
  3.83495204e-02  0.00000000e+00  6.13592332e-03  0.00000000e+00
  1.57079637e+00 -7.66990380e-03  4.37184513e-01 -3.39009762e-01]","[ 1.79180637  0.02801483 -0.06475065 -0.15892083  0.          0.
  0.          0.          0.          0.          0.          0.
  1.56874203 -0.010672    0.41290694 -0.36121452]"
34,1708577290.414631,"[ 1.98804098e-03  4.73239849e-03  3.21582377e-03  6.94028360e-04
 -1.56936748e+00 -1.96960921e-03]","[ 1.80089343e+00  1.84077695e-02 -4.90873866e-02 -1.45728171e-01
  3.22135948e-02  0.00000000e+00  4.60194238e-03  1.53398083e-03
  3.83495204e-02  0.00000000e+00  6.13592332e-03  0.00000000e+00
  1.57233036e+00 -7.66990380e-03  4.37184513e-01 -3.39009762e-01]","[ 1.79180637  0.02801483 -0.06475065 -0.15892083  0.          0.
  0.          0.          0.          0.          0.          0.
  1.56874203 -0.010672    0.41290694 -0.36121452]"
35,1708577290.6627164,"[ 1.98804098e-03  4.72824432e-03  3.21397702e-03  6.94028360e-04
 -1.56935767e+00 -1.96941318e-03]","[ 1.80089343e+00  1.84077695e-02 -4.90873866e-02 -1.45728171e-01
  3.22135948e-02  0.00000000e+00  4.60194238e-03  1.53398083e-03
  3.83495204e-02  0.00000000e+00  6.13592332e-03  0.00000000e+00
  1.57079637e+00 -7.66990380e-03  4.37184513e-01 -3.39009762e-01]","[ 1.79180637  0.02801483 -0.06475065 -0.15892083  0.          0.
  0.          0.          0.          0.          0.          0.
  1.56874203 -0.010672    0.41290694 -0.36121452]"
36,1708577290.8627326,"[ 1.98804098e-03  4.72512869e-03  3.21213028e-03  6.94028360e-04
 -1.56935089e+00 -1.96927746e-03]","[ 1.80089343e+00  1.84077695e-02 -4.90873866e-02 -1.45728171e-01
  3.22135948e-02  0.00000000e+00  4.60194238e-03  1.53398083e-03
  3.83495204e-02  0.00000000e+00  6.13592332e-03  0.00000000e+00
  1.57233036e+00 -7.66990380e-03  4.37184513e-01 -3.39009762e-01]","[ 1.79180637  0.02801483 -0.06475065 -0.15892083  0.          0.
  0.          0.          0.          0.          0.          0.
  1.56874203 -0.010672    0.41290694 -0.36121452]"
37,1708577290.9793093,"[ 1.98804098e-03  4.72305160e-03  3.21151469e-03  6.93168162e-04
 -1.56934561e+00 -1.96917190e-03]","[ 1.80089343e+00  1.68737881e-02 -4.90873866e-02 -1.45728171e-01
  3.22135948e-02  0.00000000e+00  4.60194238e-03  1.53398083e-03
  3.83495204e-02  0.00000000e+00  6.13592332e-03  0.00000000e+00
  1.57079637e+00 -7.66990380e-03  4.37184513e-01 -3.39009762e-01]","[ 1.79180637  0.02801483 -0.06475065 -0.15892083  0.          0.
  0.          0.          0.          0.          0.          0.
  1.56874203 -0.010672    0.41290694 -0.36121452]"
38,1708577291.1128135,"[ 1.98804098e-03  4.71993598e-03  3.21028353e-03  6.93168162e-04
 -1.56933732e+00 -1.96900603e-03]","[ 1.80089343e+00  1.53398076e-02 -4.90873866e-02 -1.45728171e-01
  3.22135948e-02  0.00000000e+00  4.60194238e-03  1.53398083e-03
  3.83495204e-02  0.00000000e+00  6.13592332e-03  0.00000000e+00
  1.57079637e+00 -9.20388475e-03  4.37184513e-01 -3.39009762e-01]","[ 1.79180637  0.02801483 -0.06475065 -0.15892083  0.          0.
  0.          0.          0.          0.          0.          0.
  1.56874203 -0.010672    0.41290694 -0.36121452]"
39,1708577291.2546396,"[ 1.98749268e-03  4.71733962e-03  3.20966795e-03  6.93168162e-04
 -1.56932902e+00 -1.96884015e-03]","[ 1.80089343e+00  1.53398076e-02 -4.90873866e-02 -1.45728171e-01
  3.22135948e-02  0.00000000e+00  4.60194238e-03  1.53398083e-03
  3.83495204e-02  0.00000000e+00  6.13592332e-03  0.00000000e+00
  1.57079637e+00 -9.20388475e-03  4.37184513e-01 -3.39009762e-01]","[ 1.79180637  0.02801483 -0.06475065 -0.15892083  0.          0.
  0.          0.          0.          0.          0.          0.
  1.56874203 -0.010672    0.41290694 -0.36121452]"
40,1708577291.3680053,"[ 1.98804098e-03  4.71578180e-03  3.20905236e-03  6.93168162e-04
 -1.56931998e+00 -1.96865919e-03]","[ 1.80089343e+00  1.53398076e-02 -4.90873866e-02 -1.45728171e-01
  3.22135948e-02  0.00000000e+00  4.60194238e-03  1.53398083e-03
  3.83495204e-02  0.00000000e+00  6.13592332e-03  0.00000000e+00
  1.57079637e+00 -7.66990380e-03  4.37184513e-01 -3.39009762e-01]","[ 1.79180637  0.02801483 -0.06475065 -0.15892083  0.          0.
  0.          0.          0.          0.          0.          0.
  1.56874203 -0.010672    0.41290694 -0.36121452]"
41,1708577291.4882545,"[ 1.98804098e-03  4.71318545e-03  3.20782120e-03  6.93168162e-04
 -1.56931017e+00 -1.96846316e-03]","[ 1.80089343e+00  1.53398076e-02 -4.90873866e-02 -1.45728171e-01
  3.22135948e-02  0.00000000e+00  4.60194238e-03  1.53398083e-03
  3.83495204e-02  0.00000000e+00  6.13592332e-03  0.00000000e+00
  1.57079637e+00 -7.66990380e-03  4.37184513e-01 -3.39009762e-01]","[ 1.79180637  0.02801483 -0.06475065 -0.15892083  0.          0.
  0.          0.          0.          0.          0.          0.
  1.56874203 -0.010672    0.41290694 -0.36121452]"
42,1708577291.6204112,"[ 1.98804098e-03  4.70903127e-03  3.20720562e-03  6.93168162e-04
 -1.56929811e+00 -1.96822188e-03]","[ 1.80089343e+00  1.53398076e-02 -4.90873866e-02 -1.45728171e-01
  3.22135948e-02  0.00000000e+00  4.60194238e-03  1.53398083e-03
  3.83495204e-02  0.00000000e+00  6.13592332e-03  0.00000000e+00
  1.57079637e+00 -7.66990380e-03  4.37184513e-01 -3.39009762e-01]","[ 1.79180637  0.02801483 -0.06475065 -0.15892083  0.          0.
  0.          0.          0.          0.          0.          0.
  1.56874203 -0.010672    0.41290694 -0.36121452]"
43,1708577291.7304606,"[ 1.98749268e-03  4.70643492e-03  3.20535887e-03  6.93168162e-04
 -1.56929283e+00 -1.96963476e-03]","[ 1.80089343e+00  1.53398076e-02 -4.90873866e-02 -1.45728171e-01
  3.22135948e-02  0.00000000e+00  4.60194238e-03  1.53398083e-03
  3.83495204e-02  0.00000000e+00  6.13592332e-03  0.00000000e+00
  1.57079637e+00 -7.66990380e-03  4.37184513e-01 -3.39009762e-01]","[ 1.79180637  0.02801483 -0.06475065 -0.15892083  0.          0.
  0.          0.          0.          0.          0.          0.
  1.56874203 -0.010672    0.41290694 -0.36121452]"
44,1708577291.8833685,"[ 1.98804098e-03  4.70383856e-03  3.20474329e-03  6.93168162e-04
 -1.56928605e+00 -1.96798061e-03]","[ 1.80089343e+00  1.53398076e-02 -4.90873866e-02 -1.45728171e-01
  3.22135948e-02  0.00000000e+00  4.60194238e-03  1.53398083e-03
  3.83495204e-02  0.00000000e+00  6.13592332e-03  0.00000000e+00
  1.57079637e+00 -7.66990380e-03  4.37184513e-01 -3.39009762e-01]","[ 1.79180637  0.02801483 -0.06475065 -0.15892083  0.          0.
  0.          0.          0.          0.          0.          0.
  1.56874203 -0.010672    0.41290694 -0.36121452]"
45,1708577292.0161018,"[ 1.98749268e-03  4.70072293e-03  3.20351212e-03  6.93168162e-04
 -1.56927700e+00 -1.96931809e-03]","[ 1.80089343e+00  1.53398076e-02 -4.90873866e-02 -1.45728171e-01
  3.22135948e-02  0.00000000e+00  4.60194238e-03  1.53398083e-03
  3.83495204e-02  0.00000000e+00  6.13592332e-03  0.00000000e+00
  1.57079637e+00 -7.66990380e-03  4.37184513e-01 -3.39009762e-01]","[ 1.79180637  0.02801483 -0.06475065 -0.15892083  0.          0.
  0.          0.          0.          0.          0.          0.
  1.56874203 -0.010672    0.41290694 -0.36121452]"
46,1708577292.1420438,"[ 1.98749268e-03  4.69812657e-03  3.20289654e-03  6.93168162e-04
 -1.56926720e+00 -1.96912205e-03]","[ 1.80089343e+00  1.53398076e-02 -4.90873866e-02 -1.45728171e-01
  3.22135948e-02  0.00000000e+00  4.60194238e-03  1.53398083e-03
  3.83495204e-02  0.00000000e+00  6.13592332e-03  0.00000000e+00
  1.57079637e+00 -7.66990380e-03  4.37184513e-01 -3.39009762e-01]","[ 1.79180637  0.02801483 -0.06475065 -0.15892083  0.          0.
  0.          0.          0.          0.          0.          0.
  1.56874203 -0.010672    0.41290694 -0.36121452]"
47,1708577292.2915533,"[ 1.98749268e-03  4.69553021e-03  3.20166538e-03  6.93168162e-04
 -1.56925815e+00 -1.96894110e-03]","[ 1.80089343e+00  1.53398076e-02 -4.90873866e-02 -1.45728171e-01
  3.22135948e-02  0.00000000e+00  4.60194238e-03  1.53398083e-03
  3.83495204e-02  0.00000000e+00  6.13592332e-03  0.00000000e+00
  1.57079637e+00 -7.66990380e-03  4.37184513e-01 -3.39009762e-01]","[ 1.79180637  0.02801483 -0.06475065 -0.15892083  0.          0.
  0.          0.          0.          0.          0.          0.
  1.56874203 -0.010672    0.41290694 -0.36121452]"
48,1708577292.4255395,"[ 1.98804098e-03  4.69397240e-03  3.20104979e-03  6.93168162e-04
 -1.56925061e+00 -1.96879030e-03]","[ 1.80089343e+00  1.53398076e-02 -4.90873866e-02 -1.45728171e-01
  3.22135948e-02  0.00000000e+00  4.60194238e-03  1.53398083e-03
  3.83495204e-02  0.00000000e+00  6.13592332e-03  0.00000000e+00
  1.57079637e+00 -7.66990380e-03  4.37184513e-01 -3.39009762e-01]","[ 1.79180637  0.02801483 -0.06475065 -0.15892083  0.          0.
  0.          0.          0.          0.          0.          0.
  1.56874203 -0.010672    0.41290694 -0.36121452]"
49,1708577292.5589445,"[ 1.98749268e-03  4.68981823e-03  3.19981863e-03  6.92307964e-04
 -1.56923704e+00 -1.96851887e-03]","[ 1.80089343e+00  1.53398076e-02 -4.90873866e-02 -1.45728171e-01
  3.22135948e-02  0.00000000e+00  4.60194238e-03  1.53398083e-03
  3.83495204e-02  0.00000000e+00  6.13592332e-03  0.00000000e+00
  1.57079637e+00 -7.66990380e-03  4.37184513e-01 -3.39009762e-01]","[ 1.79180637  0.02801483 -0.06475065 -0.15892083  0.          0.
  0.          0.          0.          0.          0.          0.
  1.56874203 -0.010672    0.41290694 -0.36121452]"
50,1708577292.8137813,"[ 1.98749268e-03  4.68670260e-03  3.19920305e-03  6.92307964e-04
 -1.56922799e+00 -1.96833791e-03]","[ 1.80089343e+00  1.38058271e-02 -4.90873866e-02 -1.45728171e-01
  3.22135948e-02  0.00000000e+00  4.60194238e-03  1.53398083e-03
  3.83495204e-02  0.00000000e+00  6.13592332e-03  0.00000000e+00
  1.57079637e+00 -9.20388475e-03  4.37184513e-01 -3.39009762e-01]","[ 1.79180637  0.02801483 -0.06475065 -0.15892083  0.          0.
  0.          0.          0.          0.          0.          0.
  1.56874203 -0.010672    0.41290694 -0.36121452]"
51,1708577292.905543,"[ 1.98804098e-03  4.68462551e-03  3.19858746e-03  6.92307964e-04
 -1.56922271e+00 -1.96823236e-03]","[ 1.80089343e+00  1.38058271e-02 -4.90873866e-02 -1.45728171e-01
  3.22135948e-02  0.00000000e+00  4.60194238e-03  1.53398083e-03
  3.83495204e-02  0.00000000e+00  7.66990380e-03  0.00000000e+00
  1.57079637e+00 -9.20388475e-03  4.37184513e-01 -3.39009762e-01]","[ 1.79180637  0.02801483 -0.06475065 -0.15892083  0.          0.
  0.          0.          0.          0.          0.          0.
  1.56874203 -0.010672    0.41290694 -0.36121452]"
52,1708577293.043441,"[ 1.98804098e-03  4.68202916e-03  3.19735630e-03  6.92307964e-04
 -1.56921743e+00 -1.96812680e-03]","[ 1.80089343e+00  1.53398076e-02 -4.90873866e-02 -1.45728171e-01
  3.22135948e-02  0.00000000e+00  4.60194238e-03  1.53398083e-03
  3.83495204e-02  0.00000000e+00  6.13592332e-03  0.00000000e+00
  1.57079637e+00 -9.20388475e-03  4.37184513e-01 -3.39009762e-01]","[ 1.79180637  0.02801483 -0.06475065 -0.15892083  0.          0.
  0.          0.          0.          0.          0.          0.
  1.56874203 -0.010672    0.41290694 -0.36121452]"
53,1708577293.1915772,"[ 1.98804098e-03  4.67839425e-03  3.19735630e-03  6.92307964e-04
 -1.56921065e+00 -1.96799108e-03]","[ 1.80089343e+00  1.53398076e-02 -4.90873866e-02 -1.45728171e-01
  3.22135948e-02  0.00000000e+00  4.60194238e-03  1.53398083e-03
  3.83495204e-02  0.00000000e+00  6.13592332e-03  0.00000000e+00
  1.57079637e+00 -9.20388475e-03  4.37184513e-01 -3.39009762e-01]","[ 1.79180637  0.02801483 -0.06475065 -0.15892083  0.          0.
  0.          0.          0.          0.          0.          0.
  1.56874203 -0.010672    0.41290694 -0.36121452]"
54,1708577293.3393683,"[ 1.98749268e-03  4.67631717e-03  3.19612514e-03  6.92307964e-04
 -1.56920612e+00 -1.96790060e-03]","[ 1.80089343e+00  1.53398076e-02 -4.90873866e-02 -1.45728171e-01
  3.22135948e-02  0.00000000e+00  4.60194238e-03  1.53398083e-03
  3.83495204e-02  0.00000000e+00  6.13592332e-03  0.00000000e+00
  1.57079637e+00 -9.20388475e-03  4.37184513e-01 -3.39009762e-01]","[ 1.79180637  0.02801483 -0.06475065 -0.15892083  0.          0.
  0.          0.          0.          0.          0.          0.
  1.56874203 -0.010672    0.41290694 -0.36121452]"
55,1708577293.4850035,"[ 1.98804098e-03  4.67320154e-03  3.19612514e-03  6.92307964e-04
 -1.56920160e+00 -1.96781013e-03]","[ 1.80089343e+00  1.53398076e-02 -4.90873866e-02 -1.45728171e-01
  3.22135948e-02  0.00000000e+00  4.60194238e-03  1.53398083e-03
  3.83495204e-02  0.00000000e+00  6.13592332e-03  0.00000000e+00
  1.57079637e+00 -9.20388475e-03  4.37184513e-01 -3.39009762e-01]","[ 1.79180637  0.02801483 -0.06475065 -0.15892083  0.          0.
  0.          0.          0.          0.          0.          0.
  1.56874203 -0.010672    0.41290694 -0.36121452]"
56,1708577293.59226,"[ 1.98749268e-03  4.67112445e-03  3.19550955e-03  6.92307964e-04
 -1.56919783e+00 -1.96925316e-03]","[ 1.80089343e+00  1.53398076e-02 -4.90873866e-02 -1.45728171e-01
  3.22135948e-02  0.00000000e+00  4.60194238e-03  1.53398083e-03
  3.83495204e-02  0.00000000e+00  6.13592332e-03  0.00000000e+00
  1.57079637e+00 -9.20388475e-03  4.37184513e-01 -3.39009762e-01]","[ 1.79180637  0.02801483 -0.06475065 -0.15892083  0.          0.
  0.          0.          0.          0.          0.          0.
  1.56874203 -0.010672    0.41290694 -0.36121452]"
57,1708577293.7244592,"[ 1.98749268e-03  4.66800882e-03  3.19489397e-03  6.92307964e-04
 -1.56919331e+00 -1.96916269e-03]","[ 1.80089343e+00  1.53398076e-02 -4.90873866e-02 -1.45728171e-01
  3.22135948e-02  0.00000000e+00  4.60194238e-03  1.53398083e-03
  3.83495204e-02  0.00000000e+00  6.13592332e-03  0.00000000e+00
  1.57079637e+00 -9.20388475e-03  4.37184513e-01 -3.39009762e-01]","[ 1.79180637  0.02801483 -0.06475065 -0.15892083  0.          0.
  0.          0.          0.          0.          0.          0.
  1.56874203 -0.010672    0.41290694 -0.36121452]"
58,1708577293.9367554,"[ 1.98749268e-03  4.66437392e-03  3.19427839e-03  6.92307964e-04
 -1.56918426e+00 -1.96898173e-03]","[ 1.80089343e+00  1.53398076e-02 -4.90873866e-02 -1.45728171e-01
  3.22135948e-02  0.00000000e+00  4.60194238e-03  1.53398083e-03
  3.83495204e-02  0.00000000e+00  6.13592332e-03  0.00000000e+00
  1.57079637e+00 -9.20388475e-03  4.37184513e-01 -3.39009762e-01]","[ 1.79180637  0.02801483 -0.06475065 -0.15892083  0.          0.
  0.          0.          0.          0.          0.          0.
  1.56874203 -0.010672    0.41290694 -0.36121452]"
59,1708577294.0288327,"[ 1.98749268e-03  4.65970048e-03  3.19304722e-03  6.92307964e-04
 -1.56917370e+00 -1.96877062e-03]","[ 1.80089343e+00  1.53398076e-02 -4.90873866e-02 -1.45728171e-01
  3.22135948e-02  0.00000000e+00  4.60194238e-03  1.53398083e-03
  3.83495204e-02  0.00000000e+00  6.13592332e-03  0.00000000e+00
  1.57079637e+00 -9.20388475e-03  4.37184513e-01 -3.39009762e-01]","[ 1.79180637  0.02801483 -0.06475065 -0.15892083  0.          0.
  0.          0.          0.          0.          0.          0.
  1.56874203 -0.010672    0.41290694 -0.36121452]"
60,1708577294.172861,"[ 1.98749268e-03  4.65658485e-03  3.19304722e-03  6.92307964e-04
 -1.56916767e+00 -1.96864998e-03]","[ 1.80089343e+00  1.53398076e-02 -4.90873866e-02 -1.45728171e-01
  3.22135948e-02  0.00000000e+00  4.60194238e-03  1.53398083e-03
  3.83495204e-02  0.00000000e+00  6.13592332e-03  0.00000000e+00
  1.57079637e+00 -9.20388475e-03  4.37184513e-01 -3.39009762e-01]","[ 1.79180637  0.02801483 -0.06475065 -0.15892083  0.          0.
  0.          0.          0.          0.          0.          0.
  1.56874203 -0.010672    0.41290694 -0.36121452]"
61,1708577294.30827,"[ 1.98749268e-03  4.65243068e-03  3.19181606e-03  6.92307964e-04
 -1.56915938e+00 -1.96848410e-03]","[ 1.80089343e+00  2.30097119e-02 -4.90873866e-02 -1.45728171e-01
  3.22135948e-02  0.00000000e+00  4.60194238e-03  1.53398083e-03
  3.83495204e-02  0.00000000e+00  6.13592332e-03  0.00000000e+00
  1.57539833e+00 -7.66990380e-03  4.37184513e-01 -3.39009762e-01]","[ 1.79180637  0.02801483 -0.06475065 -0.15892083  0.          0.
  0.          0.          0.          0.          0.          0.
  1.56874203 -0.010672    0.41290694 -0.36121452]"
62,1708577294.4576738,"[ 1.98749268e-03  4.64723796e-03  3.19181606e-03  6.92307964e-04
 -1.56915410e+00 -1.96837854e-03]","[ 1.80089343e+00  2.76116543e-02 -4.90873866e-02 -1.45728171e-01
  3.22135948e-02  0.00000000e+00  4.60194238e-03  1.53398083e-03
  3.83495204e-02  0.00000000e+00  6.13592332e-03  0.00000000e+00
  1.57846618e+00 -7.66990380e-03  4.37184513e-01 -3.39009762e-01]","[ 1.79180637  0.02801483 -0.06475065 -0.15892083  0.          0.
  0.          0.          0.          0.          0.          0.
  1.56874203 -0.010672    0.41290694 -0.36121452]"
63,1708577294.6990335,"[ 1.98749268e-03  4.64360306e-03  3.19181606e-03  6.92307964e-04
 -1.56914882e+00 -1.96827299e-03]","[ 1.80089343e+00  2.76116543e-02 -4.90873866e-02 -1.45728171e-01
  3.22135948e-02  0.00000000e+00  4.60194238e-03  1.53398083e-03
  3.83495204e-02  0.00000000e+00  6.13592332e-03  0.00000000e+00
  1.57693219e+00 -6.13592332e-03  4.37184513e-01 -3.39009762e-01]","[ 1.79180637  0.02801483 -0.06475065 -0.15892083  0.          0.
  0.          0.          0.          0.          0.          0.
  1.56874203 -0.010672    0.41290694 -0.36121452]"
64,1708577294.792657,"[ 1.98749268e-03  4.63944889e-03  3.19181606e-03  6.92307964e-04
 -1.56914354e+00 -1.96816743e-03]","[ 1.80089343e+00  2.76116543e-02 -4.90873866e-02 -1.45728171e-01
  3.22135948e-02  0.00000000e+00  4.60194238e-03  1.53398083e-03
  3.83495204e-02  0.00000000e+00  6.13592332e-03  0.00000000e+00
  1.57693219e+00 -6.13592332e-03  4.37184513e-01 -3.39009762e-01]","[ 1.79180637  0.02801483 -0.06475065 -0.15892083  0.          0.
  0.          0.          0.          0.          0.          0.
  1.56874203 -0.010672    0.41290694 -0.36121452]"
65,1708577294.935867,"[ 1.98749268e-03  4.63633326e-03  3.19120048e-03  6.92307964e-04
 -1.56914053e+00 -1.96810711e-03]","[ 1.80089343e+00  2.76116543e-02 -4.90873866e-02 -1.45728171e-01
  3.22135948e-02  0.00000000e+00  4.60194238e-03  1.53398083e-03
  3.83495204e-02  0.00000000e+00  6.13592332e-03  0.00000000e+00
  1.57693219e+00 -6.13592332e-03  4.37184513e-01 -3.39009762e-01]","[ 1.79180637  0.02801483 -0.06475065 -0.15892083  0.          0.
  0.          0.          0.          0.          0.          0.
  1.56874203 -0.010672    0.41290694 -0.36121452]"
66,1708577295.0775833,"[ 1.98749268e-03  4.63321763e-03  3.19120048e-03  6.92307964e-04
 -1.56913676e+00 -1.96803171e-03]","[ 1.80089343e+00  2.60776728e-02 -4.90873866e-02 -1.45728171e-01
  3.22135948e-02  0.00000000e+00  4.60194238e-03  1.53398083e-03
  3.83495204e-02  0.00000000e+00  6.13592332e-03  0.00000000e+00
  1.57693219e+00 -6.13592332e-03  4.37184513e-01 -3.39009762e-01]","[ 1.79180637  0.02801483 -0.06475065 -0.15892083  0.          0.
  0.          0.          0.          0.          0.          0.
  1.56874203 -0.010672    0.41290694 -0.36121452]"
67,1708577295.2230499,"[ 1.98749268e-03  4.62854419e-03  3.19058489e-03  6.92307964e-04
 -1.56912997e+00 -1.96789600e-03]","[ 1.80089343e+00  2.76116543e-02 -4.90873866e-02 -1.45728171e-01
  3.22135948e-02  0.00000000e+00  4.60194238e-03  1.53398083e-03
  3.83495204e-02  0.00000000e+00  7.66990380e-03  0.00000000e+00
  1.57693219e+00 -6.13592332e-03  4.37184513e-01 -3.39009762e-01]","[ 1.79180637  0.02801483 -0.06475065 -0.15892083  0.          0.
  0.          0.          0.          0.          0.          0.
  1.56874203 -0.010672    0.41290694 -0.36121452]"
68,1708577295.4864285,"[ 1.98749268e-03  4.62335147e-03  3.19058489e-03  6.92307964e-04
 -1.56912545e+00 -1.96780552e-03]","[ 1.80089343e+00  2.76116543e-02 -4.90873866e-02 -1.45728171e-01
  3.22135948e-02  0.00000000e+00  4.60194238e-03  1.53398083e-03
  3.83495204e-02  0.00000000e+00  6.13592332e-03  0.00000000e+00
  1.57693219e+00 -6.13592332e-03  4.37184513e-01 -3.39009762e-01]","[ 1.79180637  0.02801483 -0.06475065 -0.15892083  0.          0.
  0.          0.          0.          0.          0.          0.
  1.56874203 -0.010672    0.41290694 -0.36121452]"
69,1708577295.694579,"[ 1.98749268e-03  4.61815876e-03  3.19058489e-03  6.92307964e-04
 -1.56911866e+00 -1.96918824e-03]","[ 1.80089343e+00  2.45436933e-02 -4.90873866e-02 -1.45728171e-01
  3.22135948e-02  0.00000000e+00  4.60194238e-03  1.53398083e-03
  3.83495204e-02  0.00000000e+00  6.13592332e-03  0.00000000e+00
  1.57693219e+00 -6.13592332e-03  4.37184513e-01 -3.39009762e-01]","[ 1.79180637  0.02801483 -0.06475065 -0.15892083  0.          0.
  0.          0.          0.          0.          0.          0.
  1.56874203 -0.010672    0.41290694 -0.36121452]"
70,1708577295.8120794,"[ 1.98749268e-03  4.61660094e-03  3.18996931e-03  6.92307964e-04
 -1.56911489e+00 -1.96911284e-03]","[ 1.80089343e+00  2.45436933e-02 -4.90873866e-02 -1.45728171e-01
  3.22135948e-02  0.00000000e+00  4.60194238e-03  1.53398083e-03
  3.83495204e-02  0.00000000e+00  6.13592332e-03  0.00000000e+00
  1.57693219e+00 -6.13592332e-03  4.37184513e-01 -3.39009762e-01]","[ 1.79180637  0.02801483 -0.06475065 -0.15892083  0.          0.
  0.          0.          0.          0.          0.          0.
  1.56874203 -0.010672    0.41290694 -0.36121452]"
71,1708577295.94791,"[ 1.98749268e-03  4.61296604e-03  3.18996931e-03  6.92307964e-04
 -1.56910811e+00 -1.96897712e-03]","[ 1.80089343e+00  2.45436933e-02 -4.90873866e-02 -1.45728171e-01
  3.22135948e-02  0.00000000e+00  4.60194238e-03  1.53398083e-03
  3.83495204e-02  0.00000000e+00  6.13592332e-03  0.00000000e+00
  1.57693219e+00 -6.13592332e-03  4.37184513e-01 -3.39009762e-01]","[ 1.79180637  0.02801483 -0.06475065 -0.15892083  0.          0.
  0.          0.          0.          0.          0.          0.
  1.56874203 -0.010672    0.41290694 -0.36121452]"
72,1708577296.1076663,"[ 1.98749268e-03  4.61036969e-03  3.19058489e-03  6.92307964e-04
 -1.56909981e+00 -1.96881125e-03]","[ 1.80089343e+00  2.76116543e-02 -4.90873866e-02 -1.45728171e-01
  3.22135948e-02  0.00000000e+00  4.60194238e-03  1.53398083e-03
  3.83495204e-02  0.00000000e+00  6.13592332e-03  0.00000000e+00
  1.57693219e+00 -6.13592332e-03  4.37184513e-01 -3.39009762e-01]","[ 1.79180637  0.02801483 -0.06475065 -0.15892083  0.          0.
  0.          0.          0.          0.          0.          0.
  1.56874203 -0.010672    0.41290694 -0.36121452]"
73,1708577296.208746,"[ 1.98804098e-03  4.60621551e-03  3.18996931e-03  6.91447766e-04
 -1.56909152e+00 -1.96864537e-03]","[ 1.80089343e+00  2.76116543e-02 -4.90873866e-02 -1.45728171e-01
  3.22135948e-02  0.00000000e+00  4.60194238e-03  1.53398083e-03
  3.83495204e-02  0.00000000e+00  7.66990380e-03  0.00000000e+00
  1.57693219e+00 -6.13592332e-03  4.37184513e-01 -3.39009762e-01]","[ 1.79180637  0.02801483 -0.06475065 -0.15892083  0.          0.
  0.          0.          0.          0.          0.          0.
  1.56874203 -0.010672    0.41290694 -0.36121452]"
74,1708577296.343671,"[ 1.98749268e-03  4.60413843e-03  3.18935373e-03  6.91447766e-04
 -1.56908172e+00 -1.96844934e-03]","[ 1.80089343e+00  1.99417509e-02 -4.90873866e-02 -1.45728171e-01
  3.22135948e-02  0.00000000e+00  4.60194238e-03  1.53398083e-03
  3.83495204e-02  0.00000000e+00  6.13592332e-03  0.00000000e+00
  1.57539833e+00 -6.13592332e-03  4.37184513e-01 -3.39009762e-01]","[ 1.79180637  0.02801483 -0.06475065 -0.15892083  0.          0.
  0.          0.          0.          0.          0.          0.
  1.56874203 -0.010672    0.41290694 -0.36121452]"
75,1708577296.4569674,"[ 1.98749268e-03  4.60102280e-03  3.18996931e-03  6.91447766e-04
 -1.56907267e+00 -1.96826838e-03]","[ 1.80089343e+00  1.99417509e-02 -4.90873866e-02 -1.45728171e-01
  3.22135948e-02  0.00000000e+00  4.60194238e-03  1.53398083e-03
  3.83495204e-02  0.00000000e+00  6.13592332e-03  0.00000000e+00
  1.57539833e+00 -7.66990380e-03  4.37184513e-01 -3.39009762e-01]","[ 1.79180637  0.02801483 -0.06475065 -0.15892083  0.          0.
  0.          0.          0.          0.          0.          0.
  1.56874203 -0.010672    0.41290694 -0.36121452]"
76,1708577296.5828319,"[ 1.98749268e-03  4.59842644e-03  3.18935373e-03  6.91447766e-04
 -1.56906588e+00 -1.96813266e-03]","[ 1.80089343e+00  1.99417509e-02 -4.90873866e-02 -1.45728171e-01
  3.22135948e-02  0.00000000e+00  4.60194238e-03  1.53398083e-03
  3.83495204e-02  0.00000000e+00  6.13592332e-03  0.00000000e+00
  1.57539833e+00 -7.66990380e-03  4.37184513e-01 -3.39009762e-01]","[ 1.79180637  0.02801483 -0.06475065 -0.15892083  0.          0.
  0.          0.          0.          0.          0.          0.
  1.56874203 -0.010672    0.41290694 -0.36121452]"
77,1708577296.7159858,"[ 1.98749268e-03  4.59583008e-03  3.18996931e-03  6.91447766e-04
 -1.56905834e+00 -1.96798187e-03]","[ 1.80089343e+00  2.14757305e-02 -4.90873866e-02 -1.45728171e-01
  3.22135948e-02  0.00000000e+00  4.60194238e-03  1.53398083e-03
  3.83495204e-02  0.00000000e+00  6.13592332e-03  0.00000000e+00
  1.57539833e+00 -7.66990380e-03  4.37184513e-01 -3.39009762e-01]","[ 1.79180637  0.02801483 -0.06475065 -0.15892083  0.          0.
  0.          0.          0.          0.          0.          0.
  1.56874203 -0.010672    0.41290694 -0.36121452]"
78,1708577296.8433485,"[ 1.98749268e-03  4.59323373e-03  3.18996931e-03  6.91447766e-04
 -1.56905307e+00 -1.96939475e-03]","[ 1.80089343e+00  2.14757305e-02 -4.90873866e-02 -1.45728171e-01
  3.22135948e-02  0.00000000e+00  4.60194238e-03  1.53398083e-03
  3.83495204e-02  0.00000000e+00  6.13592332e-03  0.00000000e+00
  1.57539833e+00 -7.66990380e-03  4.37184513e-01 -3.39009762e-01]","[ 1.79180637  0.02801483 -0.06475065 -0.15892083  0.          0.
  0.          0.          0.          0.          0.          0.
  1.56874203 -0.010672    0.41290694 -0.36121452]"
79,1708577296.9522755,"[ 1.98749268e-03  4.58959883e-03  3.18996931e-03  6.91447766e-04
 -1.56904251e+00 -1.96918363e-03]","[ 1.80089343e+00  2.30097119e-02 -4.90873866e-02 -1.45728171e-01
  3.22135948e-02  0.00000000e+00  4.60194238e-03  1.53398083e-03
  3.83495204e-02  0.00000000e+00  6.13592332e-03  0.00000000e+00
  1.57539833e+00 -7.66990380e-03  4.37184513e-01 -3.39009762e-01]","[ 1.79180637  0.02801483 -0.06475065 -0.15892083  0.          0.
  0.          0.          0.          0.          0.          0.
  1.56874203 -0.010672    0.41290694 -0.36121452]"
80,1708577297.0978708,"[ 1.98749268e-03  4.58596393e-03  3.18935373e-03  6.91447766e-04
 -1.56903120e+00 -1.96895744e-03]","[ 1.80089343e+00  2.14757305e-02 -4.90873866e-02 -1.45728171e-01
  3.22135948e-02  0.00000000e+00  4.60194238e-03  1.53398083e-03
  3.83495204e-02  0.00000000e+00  6.13592332e-03  0.00000000e+00
  1.57539833e+00 -7.66990380e-03  4.37184513e-01 -3.39009762e-01]","[ 1.79180637  0.02801483 -0.06475065 -0.15892083  0.          0.
  0.          0.          0.          0.          0.          0.
  1.56874203 -0.010672    0.41290694 -0.36121452]"
81,1708577297.2160234,"[ 1.98749268e-03  4.58336757e-03  3.18996931e-03  6.91447766e-04
 -1.56902366e+00 -1.96880664e-03]","[ 1.80089343e+00  2.30097119e-02 -4.90873866e-02 -1.45728171e-01
  3.22135948e-02  0.00000000e+00  4.60194238e-03  1.53398083e-03
  3.83495204e-02  0.00000000e+00  6.13592332e-03  0.00000000e+00
  1.57539833e+00 -7.66990380e-03  4.37184513e-01 -3.39009762e-01]","[ 1.79180637  0.02801483 -0.06475065 -0.15892083  0.          0.
  0.          0.          0.          0.          0.          0.
  1.56874203 -0.010672    0.41290694 -0.36121452]"
82,1708577297.3658495,"[ 1.98749268e-03  4.57973267e-03  3.18996931e-03  6.91447766e-04
 -1.56901537e+00 -1.96864076e-03]","[ 1.80089343e+00  2.30097119e-02 -4.90873866e-02 -1.45728171e-01
  3.22135948e-02  0.00000000e+00  4.60194238e-03  1.53398083e-03
  3.83495204e-02  0.00000000e+00  6.13592332e-03  0.00000000e+00
  1.57539833e+00 -7.66990380e-03  4.37184513e-01 -3.39009762e-01]","[ 1.79180637  0.02801483 -0.06475065 -0.15892083  0.          0.
  0.          0.          0.          0.          0.          0.
  1.56874203 -0.010672    0.41290694 -0.36121452]"
83,1708577297.51448,"[ 1.98749268e-03  4.57609777e-03  3.18935373e-03  6.91447766e-04
 -1.56901009e+00 -1.96853521e-03]","[ 1.80089343e+00  2.45436933e-02 -4.90873866e-02 -1.45728171e-01
  3.22135948e-02  0.00000000e+00  4.60194238e-03  1.53398083e-03
  3.83495204e-02  0.00000000e+00  6.13592332e-03  0.00000000e+00
  1.57539833e+00 -7.66990380e-03  4.37184513e-01 -3.39009762e-01]","[ 1.79180637  0.02801483 -0.06475065 -0.15892083  0.          0.
  0.          0.          0.          0.          0.          0.
  1.56874203 -0.010672    0.41290694 -0.36121452]"
84,1708577297.6545715,"[ 1.98749268e-03  4.57246287e-03  3.18996931e-03  6.91447766e-04
 -1.56900406e+00 -1.96841457e-03]","[ 1.80089343e+00  2.60776728e-02 -4.90873866e-02 -1.45728171e-01
  3.22135948e-02  0.00000000e+00  4.60194238e-03  1.53398083e-03
  3.83495204e-02  0.00000000e+00  6.13592332e-03  0.00000000e+00
  1.57693219e+00 -7.66990380e-03  4.37184513e-01 -3.39009762e-01]","[ 1.79180637  0.02801483 -0.06475065 -0.15892083  0.          0.
  0.          0.          0.          0.          0.          0.
  1.56874203 -0.010672    0.41290694 -0.36121452]"
85,1708577297.7856777,"[ 1.98749268e-03  4.56934724e-03  3.18996931e-03  6.91447766e-04
 -1.56900104e+00 -1.96835425e-03]","[ 1.80089343e+00  2.76116543e-02 -4.90873866e-02 -1.45728171e-01
  3.22135948e-02  0.00000000e+00  4.60194238e-03  1.53398083e-03
  3.83495204e-02  0.00000000e+00  6.13592332e-03  0.00000000e+00
  1.57539833e+00 -7.66990380e-03  4.37184513e-01 -3.39009762e-01]","[ 1.79180637  0.02801483 -0.06475065 -0.15892083  0.          0.
  0.          0.          0.          0.          0.          0.
  1.56874203 -0.010672    0.41290694 -0.36121452]"
86,1708577297.8890588,"[ 1.98749268e-03  4.56467379e-03  3.18996931e-03  6.91447766e-04
 -1.56899652e+00 -1.96826377e-03]","[ 1.80089343e+00  2.91456357e-02 -4.90873866e-02 -1.45728171e-01
  3.22135948e-02  0.00000000e+00  4.60194238e-03  1.53398083e-03
  3.83495204e-02  0.00000000e+00  6.13592332e-03  0.00000000e+00
  1.57693219e+00 -6.13592332e-03  4.37184513e-01 -3.39009762e-01]","[ 1.79180637  0.02801483 -0.06475065 -0.15892083  0.          0.
  0.          0.          0.          0.          0.          0.
  1.56874203 -0.010672    0.41290694 -0.36121452]"
87,1708577298.0071712,"[ 1.98749268e-03  4.56207744e-03  3.18935373e-03  6.91447766e-04
 -1.56899275e+00 -1.96818837e-03]","[ 1.80089343e+00  2.91456357e-02 -4.90873866e-02 -1.45728171e-01
  3.22135948e-02  0.00000000e+00  4.60194238e-03  1.53398083e-03
  3.83495204e-02  0.00000000e+00  6.13592332e-03  0.00000000e+00
  1.57693219e+00 -6.13592332e-03  4.37184513e-01 -3.39009762e-01]","[ 1.79180637  0.02801483 -0.06475065 -0.15892083  0.          0.
  0.          0.          0.          0.          0.          0.
  1.56874203 -0.010672    0.41290694 -0.36121452]"
88,1708577298.1547425,"[ 1.98804098e-03  4.55584618e-03  3.18996931e-03  6.91447766e-04
 -1.56898445e+00 -1.96802250e-03]","[ 1.80089343e+00  3.06796152e-02 -4.90873866e-02 -1.45728171e-01
  3.22135948e-02  0.00000000e+00  4.60194238e-03  1.53398083e-03
  3.83495204e-02  0.00000000e+00  6.13592332e-03  0.00000000e+00
  1.57693219e+00 -6.13592332e-03  4.37184513e-01 -3.39009762e-01]","[ 1.79180637  0.02801483 -0.06475065 -0.15892083  0.          0.
  0.          0.          0.          0.          0.          0.
  1.56874203 -0.010672    0.41290694 -0.36121452]"
89,1708577298.303746,"[ 1.98749268e-03  4.55221128e-03  3.18996931e-03  6.91447766e-04
 -1.56897918e+00 -1.96791694e-03]","[ 1.79935944e+00  3.06796152e-02 -4.90873866e-02 -1.45728171e-01
  3.22135948e-02  0.00000000e+00  4.60194238e-03  1.53398083e-03
  3.83495204e-02  0.00000000e+00  6.13592332e-03  0.00000000e+00
  1.57693219e+00 -6.13592332e-03  4.37184513e-01 -3.39009762e-01]","[ 1.79180637  0.02801483 -0.06475065 -0.15892083  0.          0.
  0.          0.          0.          0.          0.          0.
  1.56874203 -0.010672    0.41290694 -0.36121452]"
90,1708577298.4289532,"[ 1.98749268e-03  4.54598002e-03  3.18935373e-03  6.91447766e-04
 -1.56896787e+00 -1.96769075e-03]","[ 1.80089343e+00  3.06796152e-02 -4.90873866e-02 -1.45728171e-01
  3.22135948e-02  0.00000000e+00  4.60194238e-03  1.53398083e-03
  3.83495204e-02  0.00000000e+00  6.13592332e-03  0.00000000e+00
  1.57846618e+00 -4.60194238e-03  4.37184513e-01 -3.39009762e-01]","[ 1.79180637  0.02801483 -0.06475065 -0.15892083  0.          0.
  0.          0.          0.          0.          0.          0.
  1.56874203 -0.010672    0.41290694 -0.36121452]"
91,1708577298.5862544,"[ 1.98749268e-03  4.54078730e-03  3.18996931e-03  6.91447766e-04
 -1.56895128e+00 -1.96887743e-03]","[ 1.80089343e+00  3.06796152e-02 -4.90873866e-02 -1.45728171e-01
  3.22135948e-02  0.00000000e+00  4.60194238e-03  1.53398083e-03
  3.83495204e-02  0.00000000e+00  6.13592332e-03  0.00000000e+00
  1.57693219e+00 -4.60194238e-03  4.37184513e-01 -3.39009762e-01]","[ 1.79180637  0.02801483 -0.06475065 -0.15892083  0.          0.
  0.          0.          0.          0.          0.          0.
  1.56874203 -0.010672    0.41290694 -0.36121452]"
92,1708577298.7756343,"[ 1.98749268e-03  4.53715240e-03  3.18996931e-03  6.91447766e-04
 -1.56893318e+00 -1.96851552e-03]","[ 1.80089343e+00  3.22135948e-02 -4.90873866e-02 -1.45728171e-01
  3.22135948e-02  0.00000000e+00  4.60194238e-03  1.53398083e-03
  3.83495204e-02  0.00000000e+00  6.13592332e-03  0.00000000e+00
  1.57846618e+00 -4.60194238e-03  4.37184513e-01 -3.39009762e-01]","[ 1.79180637  0.02801483 -0.06475065 -0.15892083  0.          0.
  0.          0.          0.          0.          0.          0.
  1.56874203 -0.010672    0.41290694 -0.36121452]"
93,1708577298.9539754,"[ 1.98804098e-03  4.53351750e-03  3.18996931e-03  6.91447766e-04
 -1.56892187e+00 -1.96828932e-03]","[ 1.80089343e+00  3.06796152e-02 -4.90873866e-02 -1.45728171e-01
  3.22135948e-02  0.00000000e+00  4.60194238e-03  1.53398083e-03
  3.83495204e-02  0.00000000e+00  6.13592332e-03  0.00000000e+00
  1.57693219e+00 -4.60194238e-03  4.37184513e-01 -3.39009762e-01]","[ 1.79180637  0.02801483 -0.06475065 -0.15892083  0.          0.
  0.          0.          0.          0.          0.          0.
  1.56874203 -0.010672    0.41290694 -0.36121452]"
94,1708577299.1384532,"[ 1.98749268e-03  4.52884406e-03  3.18935373e-03  6.91447766e-04
 -1.56890529e+00 -1.96795757e-03]","[ 1.80089343e+00  2.76116543e-02 -4.90873866e-02 -1.45728171e-01
  3.22135948e-02  0.00000000e+00  4.60194238e-03  1.53398083e-03
  3.83495204e-02  0.00000000e+00  6.13592332e-03  0.00000000e+00
  1.57693219e+00 -4.60194238e-03  4.37184513e-01 -3.39009762e-01]","[ 1.79180637  0.02801483 -0.06475065 -0.15892083  0.          0.
  0.          0.          0.          0.          0.          0.
  1.56874203 -0.010672    0.41290694 -0.36121452]"
95,1708577299.4253533,"[ 1.98804098e-03  4.52468989e-03  3.18935373e-03  6.90587568e-04
 -1.56888870e+00 -1.96762582e-03]","[ 1.80089343e+00  2.76116543e-02 -4.90873866e-02 -1.45728171e-01
  3.22135948e-02  0.00000000e+00  4.60194238e-03  1.53398083e-03
  3.83495204e-02  0.00000000e+00  6.13592332e-03  0.00000000e+00
  1.57693219e+00 -4.60194238e-03  4.37184513e-01 -3.39009762e-01]","[ 1.79180637  0.02801483 -0.06475065 -0.15892083  0.          0.
  0.          0.          0.          0.          0.          0.
  1.56874203 -0.010672    0.41290694 -0.36121452]"
96,1708577299.5715506,"[ 1.98804098e-03  4.52261280e-03  3.18996931e-03  6.90587568e-04
 -1.56887588e+00 -1.96736947e-03]","[ 1.80089343e+00  2.76116543e-02 -4.90873866e-02 -1.45728171e-01
  3.22135948e-02  0.00000000e+00  4.60194238e-03  1.53398083e-03
  3.83495204e-02  0.00000000e+00  6.13592332e-03  0.00000000e+00
  1.57693219e+00 -4.60194238e-03  4.37184513e-01 -3.39009762e-01]","[ 1.79180637  0.02801483 -0.06475065 -0.15892083  0.          0.
  0.          0.          0.          0.          0.          0.
  1.56874203 -0.010672    0.41290694 -0.36121452]"
97,1708577299.7003424,"[ 1.98804098e-03  4.52053571e-03  3.18935373e-03  6.90587568e-04
 -1.56886683e+00 -1.96718851e-03]","[ 1.80089343e+00  2.60776728e-02 -4.90873866e-02 -1.45728171e-01
  3.22135948e-02  0.00000000e+00  4.60194238e-03  1.53398083e-03
  3.83495204e-02  0.00000000e+00  6.13592332e-03  0.00000000e+00
  1.57693219e+00 -4.60194238e-03  4.37184513e-01 -3.39009762e-01]","[ 1.79180637  0.02801483 -0.06475065 -0.15892083  0.          0.
  0.          0.          0.          0.          0.          0.
  1.56874203 -0.010672    0.41290694 -0.36121452]"
98,1708577299.7973356,"[ 1.98804098e-03  4.51845863e-03  3.18935373e-03  6.90587568e-04
 -1.56885778e+00 -1.96700755e-03]","[ 1.80089343e+00  2.45436933e-02 -4.90873866e-02 -1.45728171e-01
  3.22135948e-02  0.00000000e+00  4.60194238e-03  1.53398083e-03
  3.83495204e-02  0.00000000e+00  6.13592332e-03  0.00000000e+00
  1.57693219e+00 -4.60194238e-03  4.37184513e-01 -3.39009762e-01]","[ 1.79180637  0.02801483 -0.06475065 -0.15892083  0.          0.
  0.          0.          0.          0.          0.          0.
  1.56874203 -0.010672    0.41290694 -0.36121452]"
99,1708577299.95354,"[ 1.98804098e-03  4.51638154e-03  3.18935373e-03  6.90587568e-04
 -1.56885326e+00 -1.96843551e-03]","[ 1.80089343e+00  2.30097119e-02 -4.90873866e-02 -1.45728171e-01
  3.22135948e-02  0.00000000e+00  4.60194238e-03  1.53398083e-03
  3.83495204e-02  0.00000000e+00  6.13592332e-03  0.00000000e+00
  1.57693219e+00 -4.60194238e-03  4.37184513e-01 -3.39009762e-01]","[ 1.79180637  0.02801483 -0.06475065 -0.15892083  0.          0.
  0.          0.          0.          0.          0.          0.
  1.56874203 -0.010672    0.41290694 -0.36121452]"
100,1708577300.0585508,"[ 1.98804098e-03  4.51482373e-03  3.18996931e-03  6.90587568e-04
 -1.56884874e+00 -1.96834503e-03]","[ 1.80089343e+00  2.30097119e-02 -4.90873866e-02 -1.45728171e-01
  3.22135948e-02  0.00000000e+00  4.60194238e-03  1.53398083e-03
  3.83495204e-02  0.00000000e+00  6.13592332e-03  0.00000000e+00
  1.57693219e+00 -4.60194238e-03  4.37184513e-01 -3.39009762e-01]","[ 1.79180637  0.02801483 -0.06475065 -0.15892083  0.          0.
  0.          0.          0.          0.          0.          0.
  1.56874203 -0.010672    0.41290694 -0.36121452]"
101,1708577300.1560168,"[ 1.98804098e-03  4.51222737e-03  3.18935373e-03  6.90587568e-04
 -1.56884270e+00 -1.96822440e-03]","[ 1.80089343e+00  2.30097119e-02 -4.90873866e-02 -1.45728171e-01
  3.22135948e-02  0.00000000e+00  4.60194238e-03  1.53398083e-03
  3.83495204e-02  0.00000000e+00  6.13592332e-03  0.00000000e+00
  1.57693219e+00 -6.13592332e-03  4.37184513e-01 -3.39009762e-01]","[ 1.79180637  0.02801483 -0.06475065 -0.15892083  0.          0.
  0.          0.          0.          0.          0.          0.
  1.56874203 -0.010672    0.41290694 -0.36121452]"
102,1708577300.2897239,"[ 1.98804098e-03  4.50911174e-03  3.18935373e-03  6.90587568e-04
 -1.56883667e+00 -1.96810376e-03]","[ 1.80089343e+00  2.30097119e-02 -4.90873866e-02 -1.45728171e-01
  3.22135948e-02  0.00000000e+00  4.60194238e-03  1.53398083e-03
  3.83495204e-02  0.00000000e+00  6.13592332e-03  0.00000000e+00
  1.57693219e+00 -6.13592332e-03  4.37184513e-01 -3.39009762e-01]","[ 1.79180637  0.02801483 -0.06475065 -0.15892083  0.          0.
  0.          0.          0.          0.          0.          0.
  1.56874203 -0.010672    0.41290694 -0.36121452]"
103,1708577300.4360533,"[ 1.98804098e-03  4.50599611e-03  3.18935373e-03  6.90587568e-04
 -1.56882913e+00 -1.96795296e-03]","[ 1.80089343e+00  2.30097119e-02 -4.90873866e-02 -1.45728171e-01
  3.22135948e-02  0.00000000e+00  4.60194238e-03  1.53398083e-03
  3.83495204e-02  0.00000000e+00  6.13592332e-03  0.00000000e+00
  1.57693219e+00 -6.13592332e-03  4.37184513e-01 -3.39009762e-01]","[ 1.79180637  0.02801483 -0.06475065 -0.15892083  0.          0.
  0.          0.          0.          0.          0.          0.
  1.56874203 -0.010672    0.41290694 -0.36121452]"
104,1708577300.5855262,"[ 1.98804098e-03  4.50339975e-03  3.18935373e-03  6.90587568e-04
 -1.56882386e+00 -1.96784741e-03]","[ 1.80089343e+00  2.30097119e-02 -4.90873866e-02 -1.47262156e-01
  3.22135948e-02  0.00000000e+00  4.60194238e-03  1.53398083e-03
  3.83495204e-02  0.00000000e+00  7.66990380e-03  0.00000000e+00
  1.57693219e+00 -6.13592332e-03  4.37184513e-01 -3.39009762e-01]","[ 1.79180637  0.02801483 -0.06475065 -0.15892083  0.          0.
  0.          0.          0.          0.          0.          0.
  1.56874203 -0.010672    0.41290694 -0.36121452]"
105,1708577300.7138267,"[ 1.98804098e-03  4.49976485e-03  3.18996931e-03  6.90587568e-04
 -1.56881858e+00 -1.96774185e-03]","[ 1.80089343e+00  2.30097119e-02 -4.90873866e-02 -1.45728171e-01
  3.22135948e-02  0.00000000e+00  4.60194238e-03  1.53398083e-03
  3.83495204e-02  0.00000000e+00  6.13592332e-03  0.00000000e+00
  1.57693219e+00 -6.13592332e-03  4.37184513e-01 -3.39009762e-01]","[ 1.79180637  0.02801483 -0.06475065 -0.15892083  0.          0.
  0.          0.          0.          0.          0.          0.
  1.56874203 -0.010672    0.41290694 -0.36121452]"
106,1708577300.8436232,"[ 1.98804098e-03  4.49509141e-03  3.18935373e-03  6.90587568e-04
 -1.56881028e+00 -1.96757597e-03]","[ 1.80089343e+00  2.30097119e-02 -4.90873866e-02 -1.47262156e-01
  3.22135948e-02  0.00000000e+00  4.60194238e-03  1.53398083e-03
  3.83495204e-02  0.00000000e+00  6.13592332e-03  0.00000000e+00
  1.57693219e+00 -6.13592332e-03  4.37184513e-01 -3.39009762e-01]","[ 1.79180637  0.02801483 -0.06475065 -0.15892083  0.          0.
  0.          0.          0.          0.          0.          0.
  1.56874203 -0.010672    0.41290694 -0.36121452]"
107,1708577300.9961927,"[ 1.98804098e-03  4.49249505e-03  3.18935373e-03  6.90587568e-04
 -1.56880501e+00 -1.96747041e-03]","[ 1.80089343e+00  2.45436933e-02 -4.90873866e-02 -1.45728171e-01
  3.22135948e-02  0.00000000e+00  4.60194238e-03  1.53398083e-03
  3.83495204e-02  0.00000000e+00  6.13592332e-03  0.00000000e+00
  1.57693219e+00 -6.13592332e-03  4.37184513e-01 -3.39009762e-01]","[ 1.79180637  0.02801483 -0.06475065 -0.15892083  0.          0.
  0.          0.          0.          0.          0.          0.
  1.56874203 -0.010672    0.41290694 -0.36121452]"
108,1708577301.1141815,"[ 1.98804098e-03  4.48834088e-03  3.18996931e-03  6.89727370e-04
 -1.56879445e+00 -1.96725930e-03]","[ 1.80089343e+00  2.45436933e-02 -4.90873866e-02 -1.45728171e-01
  3.22135948e-02  0.00000000e+00  4.60194238e-03  1.53398083e-03
  3.83495204e-02  0.00000000e+00  6.13592332e-03  0.00000000e+00
  1.57693219e+00 -6.13592332e-03  4.37184513e-01 -3.39009762e-01]","[ 1.79180637  0.02801483 -0.06475065 -0.15892083  0.          0.
  0.          0.          0.          0.          0.          0.
  1.56874203 -0.010672    0.41290694 -0.36121452]"
109,1708577301.3890672,"[ 1.98804098e-03  4.48522525e-03  3.18996931e-03  6.90587568e-04
 -1.56878691e+00 -1.96710850e-03]","[ 1.80089343e+00  2.45436933e-02 -4.90873866e-02 -1.45728171e-01
  3.22135948e-02  0.00000000e+00  4.60194238e-03  1.53398083e-03
  3.83495204e-02  0.00000000e+00  6.13592332e-03  0.00000000e+00
  1.57693219e+00 -6.13592332e-03  4.37184513e-01 -3.39009762e-01]","[ 1.79180637  0.02801483 -0.06475065 -0.15892083  0.          0.
  0.          0.          0.          0.          0.          0.
  1.56874203 -0.010672    0.41290694 -0.36121452]"
110,1708577301.4814012,"[ 1.98804098e-03  4.48210962e-03  3.18996931e-03  6.90587568e-04
 -1.56878314e+00 -1.96703311e-03]","[ 1.80089343e+00  2.60776728e-02 -4.90873866e-02 -1.45728171e-01
  3.22135948e-02  0.00000000e+00  4.60194238e-03  1.53398083e-03
  3.83495204e-02  0.00000000e+00  6.13592332e-03  0.00000000e+00
  1.57693219e+00 -6.13592332e-03  4.37184513e-01 -3.39009762e-01]","[ 1.79180637  0.02801483 -0.06475065 -0.15892083  0.          0.
  0.          0.          0.          0.          0.          0.
  1.56874203 -0.010672    0.41290694 -0.36121452]"
111,1708577301.6303103,"[ 1.98804098e-03  4.48003254e-03  3.18935373e-03  6.90587568e-04
 -1.56878012e+00 -1.96849122e-03]","[ 1.80089343e+00  2.91456357e-02 -4.90873866e-02 -1.45728171e-01
  3.22135948e-02  0.00000000e+00  4.60194238e-03  1.53398083e-03
  3.83495204e-02  0.00000000e+00  6.13592332e-03  0.00000000e+00
  1.57693219e+00 -6.13592332e-03  4.37184513e-01 -3.39009762e-01]","[ 1.79180637  0.02801483 -0.06475065 -0.15892083  0.          0.
  0.          0.          0.          0.          0.          0.
  1.56874203 -0.010672    0.41290694 -0.36121452]"
112,1708577301.7643373,"[ 1.98804098e-03  4.47743618e-03  3.18935373e-03  6.89727370e-04
 -1.56877560e+00 -1.96840075e-03]","[ 1.79935944e+00  2.91456357e-02 -4.90873866e-02 -1.45728171e-01
  3.22135948e-02  0.00000000e+00  4.60194238e-03  1.53398083e-03
  3.83495204e-02  0.00000000e+00  6.13592332e-03  0.00000000e+00
  1.57693219e+00 -6.13592332e-03  4.37184513e-01 -3.39009762e-01]","[ 1.79180637  0.02801483 -0.06475065 -0.15892083  0.          0.
  0.          0.          0.          0.          0.          0.
  1.56874203 -0.010672    0.41290694 -0.36121452]"
113,1708577301.8974042,"[ 1.98804098e-03  4.47535909e-03  3.18996931e-03  6.89727370e-04
 -1.56877258e+00 -1.96834043e-03]","[ 1.80089343e+00  2.76116543e-02 -4.90873866e-02 -1.45728171e-01
  3.22135948e-02  0.00000000e+00  4.60194238e-03  1.53398083e-03
  3.83495204e-02  0.00000000e+00  6.13592332e-03  0.00000000e+00
  1.57693219e+00 -6.13592332e-03  4.37184513e-01 -3.39009762e-01]","[ 1.79180637  0.02801483 -0.06475065 -0.15892083  0.          0.
  0.          0.          0.          0.          0.          0.
  1.56874203 -0.010672    0.41290694 -0.36121452]"
114,1708577302.0226321,"[ 1.98804098e-03  4.47172419e-03  3.18996931e-03  6.89727370e-04
 -1.56876580e+00 -1.96820471e-03]","[ 1.80089343e+00  2.60776728e-02 -4.90873866e-02 -1.45728171e-01
  3.22135948e-02  0.00000000e+00  4.60194238e-03  1.53398083e-03
  3.83495204e-02  0.00000000e+00  6.13592332e-03  0.00000000e+00
  1.57693219e+00 -6.13592332e-03  4.37184513e-01 -3.39009762e-01]","[ 1.79180637  0.02801483 -0.06475065 -0.15892083  0.          0.
  0.          0.          0.          0.          0.          0.
  1.56874203 -0.010672    0.41290694 -0.36121452]"
115,1708577302.2674944,"[ 1.98804098e-03  4.46912783e-03  3.18996931e-03  6.89727370e-04
 -1.56876127e+00 -1.96811423e-03]","[ 1.80089343e+00  2.45436933e-02 -4.90873866e-02 -1.45728171e-01
  3.22135948e-02  0.00000000e+00  4.60194238e-03  1.53398083e-03
  3.83495204e-02  0.00000000e+00  6.13592332e-03  0.00000000e+00
  1.57693219e+00 -6.13592332e-03  4.37184513e-01 -3.39009762e-01]","[ 1.79180637  0.02801483 -0.06475065 -0.15892083  0.          0.
  0.          0.          0.          0.          0.          0.
  1.56874203 -0.010672    0.41290694 -0.36121452]"
116,1708577302.3745291,"[ 1.98804098e-03  4.46601221e-03  3.18996931e-03  6.89727370e-04
 -1.56875750e+00 -1.96803883e-03]","[ 1.80089343e+00  2.45436933e-02 -4.90873866e-02 -1.45728171e-01
  3.22135948e-02  0.00000000e+00  4.60194238e-03  1.53398083e-03
  3.83495204e-02  0.00000000e+00  6.13592332e-03  0.00000000e+00
  1.57693219e+00 -6.13592332e-03  4.37184513e-01 -3.39009762e-01]","[ 1.79180637  0.02801483 -0.06475065 -0.15892083  0.          0.
  0.          0.          0.          0.          0.          0.
  1.56874203 -0.010672    0.41290694 -0.36121452]"
117,1708577302.5127802,"[ 1.98804098e-03  4.46341585e-03  3.19058489e-03  6.89727370e-04
 -1.56875223e+00 -1.96793328e-03]","[ 1.80089343e+00  2.30097119e-02 -4.90873866e-02 -1.45728171e-01
  3.22135948e-02  0.00000000e+00  4.60194238e-03  1.53398083e-03
  3.83495204e-02  0.00000000e+00  7.66990380e-03  0.00000000e+00
  1.57539833e+00 -6.13592332e-03  4.37184513e-01 -3.39009762e-01]","[ 1.79180637  0.02801483 -0.06475065 -0.15892083  0.          0.
  0.          0.          0.          0.          0.          0.
  1.56874203 -0.010672    0.41290694 -0.36121452]"
118,1708577302.6551108,"[ 1.98858928e-03  4.46030022e-03  3.18996931e-03  6.89727370e-04
 -1.56874846e+00 -1.96785788e-03]","[ 1.80089343e+00  2.30097119e-02 -4.90873866e-02 -1.45728171e-01
  3.22135948e-02  0.00000000e+00  4.60194238e-03  1.53398083e-03
  3.83495204e-02  0.00000000e+00  6.13592332e-03  0.00000000e+00
  1.57539833e+00 -6.13592332e-03  4.37184513e-01 -3.39009762e-01]","[ 1.79180637  0.02801483 -0.06475065 -0.15892083  0.          0.
  0.          0.          0.          0.          0.          0.
  1.56874203 -0.010672    0.41290694 -0.36121452]"
119,1708577302.7562966,"[ 1.98858928e-03  4.45874240e-03  3.18996931e-03  6.89727370e-04
 -1.56874469e+00 -1.96778248e-03]","[ 1.80089343e+00  2.30097119e-02 -4.90873866e-02 -1.45728171e-01
  3.22135948e-02  0.00000000e+00  4.60194238e-03  1.53398083e-03
  3.83495204e-02  0.00000000e+00  6.13592332e-03  0.00000000e+00
  1.57539833e+00 -6.13592332e-03  4.37184513e-01 -3.39009762e-01]","[ 1.79180637  0.02801483 -0.06475065 -0.15892083  0.          0.
  0.          0.          0.          0.          0.          0.
  1.56874203 -0.010672    0.41290694 -0.36121452]"
120,1708577302.8610651,"[ 1.98858928e-03  4.45614605e-03  3.19058489e-03  6.88867172e-04
 -1.56874092e+00 -1.96770708e-03]","[ 1.80089343e+00  2.30097119e-02 -4.90873866e-02 -1.45728171e-01
  3.22135948e-02  0.00000000e+00  4.60194238e-03  1.53398083e-03
  3.83495204e-02  0.00000000e+00  7.66990380e-03  0.00000000e+00
  1.57539833e+00 -6.13592332e-03  4.37184513e-01 -3.39009762e-01]","[ 1.79180637  0.02801483 -0.06475065 -0.15892083  0.          0.
  0.          0.          0.          0.          0.          0.
  1.56874203 -0.010672    0.41290694 -0.36121452]"
121,1708577302.9942017,"[ 1.98858928e-03  4.45303042e-03  3.18996931e-03  6.88867172e-04
 -1.56873564e+00 -1.96760152e-03]","[ 1.80089343e+00  2.30097119e-02 -4.90873866e-02 -1.45728171e-01
  3.22135948e-02  0.00000000e+00  4.60194238e-03  1.53398083e-03
  3.83495204e-02  0.00000000e+00  6.13592332e-03  0.00000000e+00
  1.57539833e+00 -6.13592332e-03  4.37184513e-01 -3.39009762e-01]","[ 1.79180637  0.02801483 -0.06475065 -0.15892083  0.          0.
  0.          0.          0.          0.          0.          0.
  1.56874203 -0.010672    0.41290694 -0.36121452]"
122,1708577303.1129267,"[ 1.98858928e-03  4.44939552e-03  3.19058489e-03  6.88867172e-04
 -1.56872885e+00 -1.96746581e-03]","[ 1.80089343e+00  1.99417509e-02 -4.90873866e-02 -1.45728171e-01
  3.22135948e-02  0.00000000e+00  4.60194238e-03  1.53398083e-03
  3.83495204e-02  0.00000000e+00  6.13592332e-03  0.00000000e+00
  1.57539833e+00 -7.66990380e-03  4.37184513e-01 -3.39009762e-01]","[ 1.79180637  0.02801483 -0.06475065 -0.15892083  0.          0.
  0.          0.          0.          0.          0.          0.
  1.56874203 -0.010672    0.41290694 -0.36121452]"
123,1708577303.266853,"[ 1.98858928e-03  4.44627989e-03  3.18996931e-03  6.88867172e-04
 -1.56872131e+00 -1.96731501e-03]","[ 1.80089343e+00  1.84077695e-02 -4.90873866e-02 -1.45728171e-01
  3.22135948e-02  0.00000000e+00  4.60194238e-03  1.53398083e-03
  3.83495204e-02  0.00000000e+00  6.13592332e-03  0.00000000e+00
  1.57386434e+00 -7.66990380e-03  4.37184513e-01 -3.39009762e-01]","[ 1.79180637  0.02801483 -0.06475065 -0.15892083  0.          0.
  0.          0.          0.          0.          0.          0.
  1.56874203 -0.010672    0.41290694 -0.36121452]"
124,1708577303.4221141,"[ 1.98858928e-03  4.44368353e-03  3.19058489e-03  6.88867172e-04
 -1.56871604e+00 -1.96720945e-03]","[ 1.80089343e+00  1.84077695e-02 -4.90873866e-02 -1.45728171e-01
  3.22135948e-02  0.00000000e+00  4.60194238e-03  1.53398083e-03
  3.83495204e-02  0.00000000e+00  6.13592332e-03  0.00000000e+00
  1.57386434e+00 -7.66990380e-03  4.37184513e-01 -3.39009762e-01]","[ 1.79180637  0.02801483 -0.06475065 -0.15892083  0.          0.
  0.          0.          0.          0.          0.          0.
  1.56874203 -0.010672    0.41290694 -0.36121452]"
125,1708577303.5749762,"[ 1.98858928e-03  4.44108717e-03  3.19058489e-03  6.88867172e-04
 -1.56871076e+00 -1.96862233e-03]","[ 1.80089343e+00  1.84077695e-02 -4.90873866e-02 -1.45728171e-01
  3.22135948e-02  0.00000000e+00  4.60194238e-03  1.53398083e-03
  3.83495204e-02  0.00000000e+00  6.13592332e-03  0.00000000e+00
  1.57386434e+00 -7.66990380e-03  4.37184513e-01 -3.39009762e-01]","[ 1.79180637  0.02801483 -0.06475065 -0.15892083  0.          0.
  0.          0.          0.          0.          0.          0.
  1.56874203 -0.010672    0.41290694 -0.36121452]"
126,1708577303.724283,"[ 1.98858928e-03  4.44004863e-03  3.18996931e-03  6.88867172e-04
 -1.56870699e+00 -1.96702850e-03]","[ 1.80089343e+00  1.84077695e-02 -4.90873866e-02 -1.45728171e-01
  3.22135948e-02  0.00000000e+00  4.60194238e-03  1.53398083e-03
  3.83495204e-02  0.00000000e+00  6.13592332e-03  0.00000000e+00
  1.57386434e+00 -7.66990380e-03  4.37184513e-01 -3.39009762e-01]","[ 1.79180637  0.02801483 -0.06475065 -0.15892083  0.          0.
  0.          0.          0.          0.          0.          0.
  1.56874203 -0.010672    0.41290694 -0.36121452]"
127,1708577303.8334825,"[ 1.98858928e-03  4.43797154e-03  3.18996931e-03  6.88867172e-04
 -1.56870322e+00 -1.96695310e-03]","[ 1.80089343e+00  1.84077695e-02 -4.90873866e-02 -1.45728171e-01
  3.22135948e-02  0.00000000e+00  4.60194238e-03  1.53398083e-03
  3.83495204e-02  0.00000000e+00  6.13592332e-03  0.00000000e+00
  1.57386434e+00 -7.66990380e-03  4.37184513e-01 -3.39009762e-01]","[ 1.79180637  0.02801483 -0.06475065 -0.15892083  0.          0.
  0.          0.          0.          0.          0.          0.
  1.56874203 -0.010672    0.41290694 -0.36121452]"
128,1708577303.927465,"[ 1.98858928e-03  4.43537519e-03  3.18996931e-03  6.88006974e-04
 -1.56869568e+00 -1.96832074e-03]","[ 1.80089343e+00  1.68737881e-02 -4.90873866e-02 -1.45728171e-01
  3.22135948e-02  0.00000000e+00  4.60194238e-03  1.53398083e-03
  3.83495204e-02  0.00000000e+00  6.13592332e-03  0.00000000e+00
  1.57386434e+00 -7.66990380e-03  4.37184513e-01 -3.39009762e-01]","[ 1.79180637  0.02801483 -0.06475065 -0.15892083  0.          0.
  0.          0.          0.          0.          0.          0.
  1.56874203 -0.010672    0.41290694 -0.36121452]"
129,1708577304.0881844,"[ 1.98858928e-03  4.43381737e-03  3.18996931e-03  6.88006974e-04
 -1.56868889e+00 -1.96818502e-03]","[ 1.80089343e+00  1.84077695e-02 -4.90873866e-02 -1.45728171e-01
  3.22135948e-02  0.00000000e+00  4.60194238e-03  1.53398083e-03
  3.83495204e-02  0.00000000e+00  6.13592332e-03  0.00000000e+00
  1.57386434e+00 -7.66990380e-03  4.37184513e-01 -3.39009762e-01]","[ 1.79180637  0.02801483 -0.06475065 -0.15892083  0.          0.
  0.          0.          0.          0.          0.          0.
  1.56874203 -0.010672    0.41290694 -0.36121452]"
130,1708577304.2273586,"[ 1.98858928e-03  4.43225956e-03  3.18996931e-03  6.88006974e-04
 -1.56868437e+00 -1.96809454e-03]","[ 1.80089343e+00  1.84077695e-02 -4.90873866e-02 -1.45728171e-01
  3.22135948e-02  0.00000000e+00  4.60194238e-03  1.53398083e-03
  3.83495204e-02  0.00000000e+00  6.13592332e-03  0.00000000e+00
  1.57386434e+00 -7.66990380e-03  4.37184513e-01 -3.39009762e-01]","[ 1.79180637  0.02801483 -0.06475065 -0.15892083  0.          0.
  0.          0.          0.          0.          0.          0.
  1.56874203 -0.010672    0.41290694 -0.36121452]"
131,1708577304.3163836,"[ 1.98858928e-03  4.43122101e-03  3.19058489e-03  6.88006974e-04
 -1.56867683e+00 -1.96794375e-03]","[ 1.80089343e+00  1.84077695e-02 -4.90873866e-02 -1.45728171e-01
  3.22135948e-02  0.00000000e+00  4.60194238e-03  1.53398083e-03
  3.83495204e-02  0.00000000e+00  6.13592332e-03  0.00000000e+00
  1.57386434e+00 -7.66990380e-03  4.37184513e-01 -3.39009762e-01]","[ 1.79180637  0.02801483 -0.06475065 -0.15892083  0.          0.
  0.          0.          0.          0.          0.          0.
  1.56874203 -0.010672    0.41290694 -0.36121452]"
132,1708577304.4304407,"[ 1.98858928e-03  4.42914393e-03  3.18996931e-03  6.88006974e-04
 -1.56867004e+00 -1.96780803e-03]","[ 1.80089343e+00  1.84077695e-02 -4.90873866e-02 -1.45728171e-01
  3.22135948e-02  0.00000000e+00  4.60194238e-03  1.53398083e-03
  3.83495204e-02  0.00000000e+00  6.13592332e-03  0.00000000e+00
  1.57386434e+00 -7.66990380e-03  4.37184513e-01 -3.39009762e-01]","[ 1.79180637  0.02801483 -0.06475065 -0.15892083  0.          0.
  0.          0.          0.          0.          0.          0.
  1.56874203 -0.010672    0.41290694 -0.36121452]"
133,1708577304.5589674,"[ 1.98858928e-03  4.42758611e-03  3.19058489e-03  6.88006974e-04
 -1.56866401e+00 -1.96768739e-03]","[ 1.80089343e+00  1.84077695e-02 -4.90873866e-02 -1.45728171e-01
  3.22135948e-02  0.00000000e+00  4.60194238e-03  1.53398083e-03
  3.83495204e-02  0.00000000e+00  6.13592332e-03  0.00000000e+00
  1.57386434e+00 -7.66990380e-03  4.37184513e-01 -3.39009762e-01]","[ 1.79180637  0.02801483 -0.06475065 -0.15892083  0.          0.
  0.          0.          0.          0.          0.          0.
  1.56874203 -0.010672    0.41290694 -0.36121452]"
134,1708577304.7079866,"[ 1.98858928e-03  4.42550903e-03  3.19058489e-03  6.88006974e-04
 -1.56865873e+00 -1.96758184e-03]","[ 1.80089343e+00  1.84077695e-02 -4.90873866e-02 -1.45728171e-01
  3.22135948e-02  0.00000000e+00  4.60194238e-03  1.53398083e-03
  3.83495204e-02  0.00000000e+00  6.13592332e-03  0.00000000e+00
  1.57386434e+00 -7.66990380e-03  4.37184513e-01 -3.39009762e-01]","[ 1.79180637  0.02801483 -0.06475065 -0.15892083  0.          0.
  0.          0.          0.          0.          0.          0.
  1.56874203 -0.010672    0.41290694 -0.36121452]"
135,1708577304.8336332,"[ 1.98858928e-03  4.42395121e-03  3.18996931e-03  6.88006974e-04
 -1.56865270e+00 -1.96746120e-03]","[ 1.80089343e+00  2.45436933e-02 -4.90873866e-02 -1.45728171e-01
  3.22135948e-02  0.00000000e+00  4.60194238e-03  1.53398083e-03
  3.83495204e-02  0.00000000e+00  6.13592332e-03  0.00000000e+00
  1.57539833e+00 -7.66990380e-03  4.37184513e-01 -3.39009762e-01]","[ 1.79180637  0.02801483 -0.06475065 -0.15892083  0.          0.
  0.          0.          0.          0.          0.          0.
  1.56874203 -0.010672    0.41290694 -0.36121452]"
136,1708577304.9551706,"[ 1.98858928e-03  4.42239340e-03  3.19058489e-03  6.88006974e-04
 -1.56864969e+00 -1.96740088e-03]","[ 1.80089343e+00  2.45436933e-02 -4.90873866e-02 -1.45728171e-01
  3.22135948e-02  0.00000000e+00  4.60194238e-03  1.53398083e-03
  3.83495204e-02  0.00000000e+00  6.13592332e-03  0.00000000e+00
  1.57693219e+00 -7.66990380e-03  4.37184513e-01 -3.39009762e-01]","[ 1.79180637  0.02801483 -0.06475065 -0.15892083  0.          0.
  0.          0.          0.          0.          0.          0.
  1.56874203 -0.010672    0.41290694 -0.36121452]"
137,1708577305.0621653,"[ 1.98858928e-03  4.42083558e-03  3.19058489e-03  6.88006974e-04
 -1.56864441e+00 -1.96729532e-03]","[ 1.80089343e+00  2.14757305e-02 -4.90873866e-02 -1.45728171e-01
  3.22135948e-02  0.00000000e+00  4.60194238e-03  1.53398083e-03
  3.83495204e-02  0.00000000e+00  6.13592332e-03  0.00000000e+00
  1.57539833e+00 -7.66990380e-03  4.37184513e-01 -3.39009762e-01]","[ 1.79180637  0.02801483 -0.06475065 -0.15892083  0.          0.
  0.          0.          0.          0.          0.          0.
  1.56874203 -0.010672    0.41290694 -0.36121452]"
138,1708577305.187501,"[ 1.98858928e-03  4.41875850e-03  3.19058489e-03  6.88006974e-04
 -1.56863913e+00 -1.96718977e-03]","[ 1.80089343e+00  1.99417509e-02 -4.90873866e-02 -1.45728171e-01
  3.22135948e-02  0.00000000e+00  4.60194238e-03  1.53398083e-03
  3.83495204e-02  0.00000000e+00  6.13592332e-03  0.00000000e+00
  1.57539833e+00 -7.66990380e-03  4.37184513e-01 -3.39009762e-01]","[ 1.79180637  0.02801483 -0.06475065 -0.15892083  0.          0.
  0.          0.          0.          0.          0.          0.
  1.56874203 -0.010672    0.41290694 -0.36121452]"
139,1708577305.3348296,"[ 1.98858928e-03  4.41616214e-03  3.19058489e-03  6.88006974e-04
 -1.56863461e+00 -1.96709929e-03]","[ 1.80089343e+00  1.99417509e-02 -4.90873866e-02 -1.45728171e-01
  3.22135948e-02  0.00000000e+00  4.60194238e-03  1.53398083e-03
  3.83495204e-02  0.00000000e+00  6.13592332e-03  0.00000000e+00
  1.57539833e+00 -7.66990380e-03  4.37184513e-01 -3.39009762e-01]","[ 1.79180637  0.02801483 -0.06475065 -0.15892083  0.          0.
  0.          0.          0.          0.          0.          0.
  1.56874203 -0.010672    0.41290694 -0.36121452]"
140,1708577305.4795134,"[ 1.98858928e-03  4.41356578e-03  3.19120048e-03  6.88006974e-04
 -1.56862857e+00 -1.96697865e-03]","[ 1.80089343e+00  1.99417509e-02 -4.90873866e-02 -1.45728171e-01
  3.22135948e-02  0.00000000e+00  4.60194238e-03  1.53398083e-03
  3.83495204e-02  0.00000000e+00  6.13592332e-03  0.00000000e+00
  1.57539833e+00 -7.66990380e-03  4.37184513e-01 -3.39009762e-01]","[ 1.79180637  0.02801483 -0.06475065 -0.15892083  0.          0.
  0.          0.          0.          0.          0.          0.
  1.56874203 -0.010672    0.41290694 -0.36121452]"
141,1708577305.6343963,"[ 1.98858928e-03  4.41148870e-03  3.19058489e-03  6.88006974e-04
 -1.56862631e+00 -1.96693341e-03]","[ 1.80089343e+00  1.99417509e-02 -4.90873866e-02 -1.45728171e-01
  3.22135948e-02  0.00000000e+00  4.60194238e-03  1.53398083e-03
  3.83495204e-02  0.00000000e+00  6.13592332e-03  0.00000000e+00
  1.57539833e+00 -7.66990380e-03  4.37184513e-01 -3.39009762e-01]","[ 1.79180637  0.02801483 -0.06475065 -0.15892083  0.          0.
  0.          0.          0.          0.          0.          0.
  1.56874203 -0.010672    0.41290694 -0.36121452]"
142,1708577305.7418547,"[ 1.98858928e-03  4.40889234e-03  3.19058489e-03  6.88006974e-04
 -1.56862254e+00 -1.96685801e-03]","[ 1.80089343e+00  1.99417509e-02 -4.90873866e-02 -1.45728171e-01
  3.22135948e-02  0.00000000e+00  4.60194238e-03  1.53398083e-03
  3.83495204e-02  0.00000000e+00  6.13592332e-03  0.00000000e+00
  1.57539833e+00 -7.66990380e-03  4.37184513e-01 -3.39009762e-01]","[ 1.79180637  0.02801483 -0.06475065 -0.15892083  0.          0.
  0.          0.          0.          0.          0.          0.
  1.56874203 -0.010672    0.41290694 -0.36121452]"
143,1708577305.899222,"[ 1.98858928e-03  4.40629598e-03  3.19058489e-03  6.88006974e-04
 -1.56861953e+00 -1.96831613e-03]","[ 1.80089343e+00  1.99417509e-02 -4.90873866e-02 -1.45728171e-01
  3.22135948e-02  0.00000000e+00  4.60194238e-03  1.53398083e-03
  3.83495204e-02  0.00000000e+00  6.13592332e-03  0.00000000e+00
  1.57539833e+00 -7.66990380e-03  4.37184513e-01 -3.39009762e-01]","[ 1.79180637  0.02801483 -0.06475065 -0.15892083  0.          0.
  0.          0.          0.          0.          0.          0.
  1.56874203 -0.010672    0.41290694 -0.36121452]"
144,1708577306.0413992,"[ 1.98858928e-03  4.40266108e-03  3.19058489e-03  6.88006974e-04
 -1.56861500e+00 -1.96822565e-03]","[ 1.80089343e+00  1.99417509e-02 -4.90873866e-02 -1.45728171e-01
  3.22135948e-02  0.00000000e+00  4.60194238e-03  1.53398083e-03
  3.83495204e-02  0.00000000e+00  6.13592332e-03  0.00000000e+00
  1.57539833e+00 -7.66990380e-03  4.37184513e-01 -3.39009762e-01]","[ 1.79180637  0.02801483 -0.06475065 -0.15892083  0.          0.
  0.          0.          0.          0.          0.          0.
  1.56874203 -0.010672    0.41290694 -0.36121452]"
145,1708577306.1945314,"[ 1.98858928e-03  4.40006472e-03  3.19120048e-03  6.88006974e-04
 -1.56861123e+00 -1.96815026e-03]","[ 1.80089343e+00  1.99417509e-02 -4.90873866e-02 -1.45728171e-01
  3.22135948e-02  0.00000000e+00  4.60194238e-03  1.53398083e-03
  3.83495204e-02  0.00000000e+00  6.13592332e-03  0.00000000e+00
  1.57539833e+00 -7.66990380e-03  4.37184513e-01 -3.39009762e-01]","[ 1.79180637  0.02801483 -0.06475065 -0.15892083  0.          0.
  0.          0.          0.          0.          0.          0.
  1.56874203 -0.010672    0.41290694 -0.36121452]"
146,1708577306.3047173,"[ 1.98858928e-03  4.39798764e-03  3.19058489e-03  6.88006974e-04
 -1.56860897e+00 -1.96810502e-03]","[ 1.80089343e+00  2.14757305e-02 -4.90873866e-02 -1.45728171e-01
  3.22135948e-02  0.00000000e+00  4.60194238e-03  1.53398083e-03
  3.83495204e-02  0.00000000e+00  6.13592332e-03  0.00000000e+00
  1.57539833e+00 -7.66990380e-03  4.37184513e-01 -3.39009762e-01]","[ 1.79180637  0.02801483 -0.06475065 -0.15892083  0.          0.
  0.          0.          0.          0.          0.          0.
  1.56874203 -0.010672    0.41290694 -0.36121452]"
147,1708577306.4229753,"[ 1.98858928e-03  4.39539128e-03  3.19120048e-03  6.88006974e-04
 -1.56860369e+00 -1.96799946e-03]","[ 1.80089343e+00  2.45436933e-02 -4.90873866e-02 -1.45728171e-01
  3.22135948e-02  0.00000000e+00  4.60194238e-03  1.53398083e-03
  3.83495204e-02  0.00000000e+00  6.13592332e-03  0.00000000e+00
  1.57693219e+00 -9.20388475e-03  4.37184513e-01 -3.39009762e-01]","[ 1.79180637  0.02801483 -0.06475065 -0.15892083  0.          0.
  0.          0.          0.          0.          0.          0.
  1.56874203 -0.010672    0.41290694 -0.36121452]"
148,1708577306.5648167,"[ 1.98858928e-03  4.39331419e-03  3.19120048e-03  6.88006974e-04
 -1.56859917e+00 -1.96790898e-03]","[ 1.80089343e+00  2.76116543e-02 -4.90873866e-02 -1.45728171e-01
  3.22135948e-02  0.00000000e+00  4.60194238e-03  1.53398083e-03
  3.83495204e-02  0.00000000e+00  6.13592332e-03  0.00000000e+00
  1.57693219e+00 -7.66990380e-03  4.37184513e-01 -3.39009762e-01]","[ 1.79180637  0.02801483 -0.06475065 -0.15892083  0.          0.
  0.          0.          0.          0.          0.          0.
  1.56874203 -0.010672    0.41290694 -0.36121452]"
149,1708577306.675013,"[ 1.98858928e-03  4.39123711e-03  3.19120048e-03  6.88006974e-04
 -1.56859464e+00 -1.96781850e-03]","[ 1.80089343e+00  2.76116543e-02 -4.90873866e-02 -1.45728171e-01
  3.22135948e-02  0.00000000e+00  4.60194238e-03  1.53398083e-03
  3.83495204e-02  0.00000000e+00  6.13592332e-03  0.00000000e+00
  1.57693219e+00 -7.66990380e-03  4.37184513e-01 -3.39009762e-01]","[ 1.79180637  0.02801483 -0.06475065 -0.15892083  0.          0.
  0.          0.          0.          0.          0.          0.
  1.56874203 -0.010672    0.41290694 -0.36121452]"
150,1708577306.790613,"[ 1.98858928e-03  4.38967929e-03  3.19120048e-03  6.88006974e-04
 -1.56859087e+00 -1.96774311e-03]","[ 1.80089343e+00  2.76116543e-02 -4.90873866e-02 -1.45728171e-01
  3.22135948e-02  0.00000000e+00  4.60194238e-03  1.53398083e-03
  3.83495204e-02  0.00000000e+00  7.66990380e-03  0.00000000e+00
  1.57693219e+00 -7.66990380e-03  4.37184513e-01 -3.39009762e-01]","[ 1.79180637  0.02801483 -0.06475065 -0.15892083  0.          0.
  0.          0.          0.          0.          0.          0.
  1.56874203 -0.010672    0.41290694 -0.36121452]"
151,1708577306.9067986,"[ 1.98858928e-03  4.38760221e-03  3.19120048e-03  6.87146776e-04
 -1.56858258e+00 -1.96757723e-03]","[ 1.80089343e+00  2.30097119e-02 -4.90873866e-02 -1.45728171e-01
  3.22135948e-02  0.00000000e+00  4.60194238e-03  1.53398083e-03
  3.83495204e-02  0.00000000e+00  6.13592332e-03  0.00000000e+00
  1.57693219e+00 -7.66990380e-03  4.37184513e-01 -3.39009762e-01]","[ 1.79180637  0.02801483 -0.06475065 -0.15892083  0.          0.
  0.          0.          0.          0.          0.          0.
  1.56874203 -0.010672    0.41290694 -0.36121452]"
152,1708577307.0590398,"[ 1.98858928e-03  4.38656366e-03  3.19181606e-03  6.87146776e-04
 -1.56857580e+00 -1.96744151e-03]","[ 1.80089343e+00  2.60776728e-02 -4.90873866e-02 -1.45728171e-01
  3.22135948e-02  0.00000000e+00  4.60194238e-03  1.53398083e-03
  3.83495204e-02  0.00000000e+00  7.66990380e-03  0.00000000e+00
  1.57539833e+00 -7.66990380e-03  4.35650557e-01 -3.39009762e-01]","[ 1.79180637  0.02801483 -0.06475065 -0.15892083  0.          0.
  0.          0.          0.          0.          0.          0.
  1.56874203 -0.010672    0.41290694 -0.36121452]"
153,1708577307.1590295,"[ 1.98913757e-03  4.38448658e-03  3.19181606e-03  6.87146776e-04
 -1.56857278e+00 -1.96738119e-03]","[ 1.79935944e+00  2.76116543e-02 -4.90873866e-02 -1.45728171e-01
  3.22135948e-02  0.00000000e+00  4.60194238e-03  1.53398083e-03
  3.83495204e-02  0.00000000e+00  6.13592332e-03  0.00000000e+00
  1.57079637e+00 -7.66990380e-03  4.35650557e-01 -3.40543747e-01]","[ 1.79180637  0.02801483 -0.06475065 -0.15892083  0.          0.
  0.          0.          0.          0.          0.          0.
  1.56874203 -0.010672    0.41290694 -0.36121452]"
154,1708577307.3026626,"[ 1.98858928e-03  4.38344804e-03  3.19120048e-03  6.87146776e-04
 -1.56856901e+00 -1.96730580e-03]","[ 1.80089343e+00  2.76116543e-02 -4.90873866e-02 -1.45728171e-01
  3.22135948e-02  0.00000000e+00  4.60194238e-03  1.53398083e-03
  3.83495204e-02  0.00000000e+00  7.66990380e-03  0.00000000e+00
  1.57233036e+00 -7.66990380e-03  4.35650557e-01 -3.39009762e-01]","[ 1.79180637  0.02801483 -0.06475065 -0.15892083  0.          0.
  0.          0.          0.          0.          0.          0.
  1.56874203 -0.010672    0.41290694 -0.36121452]"
155,1708577307.4085772,"[ 1.98913757e-03  4.38137095e-03  3.19181606e-03  6.87146776e-04
 -1.56856449e+00 -1.96721532e-03]","[ 1.80089343e+00  2.60776728e-02 -4.90873866e-02 -1.45728171e-01
  3.22135948e-02  0.00000000e+00  4.60194238e-03  1.53398083e-03
  3.83495204e-02  0.00000000e+00  6.13592332e-03  0.00000000e+00
  1.57233036e+00 -7.66990380e-03  4.37184513e-01 -3.40543747e-01]","[ 1.79180637  0.02801483 -0.06475065 -0.15892083  0.          0.
  0.          0.          0.          0.          0.          0.
  1.56874203 -0.010672    0.41290694 -0.36121452]"
156,1708577307.5619793,"[ 1.98858928e-03  4.37877459e-03  3.19181606e-03  6.87146776e-04
 -1.56855921e+00 -1.96710976e-03]","[ 1.80089343e+00  2.45436933e-02 -4.90873866e-02 -1.45728171e-01
  3.22135948e-02  0.00000000e+00  4.60194238e-03  1.53398083e-03
  3.83495204e-02  0.00000000e+00  6.13592332e-03  0.00000000e+00
  1.57079637e+00 -7.66990380e-03  4.37184513e-01 -3.39009762e-01]","[ 1.79180637  0.02801483 -0.06475065 -0.15892083  0.          0.
  0.          0.          0.          0.          0.          0.
  1.56874203 -0.010672    0.41290694 -0.36121452]"
157,1708577307.7045448,"[ 1.98858928e-03  4.37825532e-03  3.19181606e-03  6.87146776e-04
 -1.56855695e+00 -1.96706452e-03]","[ 1.80089343e+00  2.45436933e-02 -4.90873866e-02 -1.45728171e-01
  3.22135948e-02  0.00000000e+00  4.60194238e-03  1.53398083e-03
  3.83495204e-02  0.00000000e+00  6.13592332e-03  0.00000000e+00
  1.57079637e+00 -7.66990380e-03  4.37184513e-01 -3.40543747e-01]","[ 1.79180637  0.02801483 -0.06475065 -0.15892083  0.          0.
  0.          0.          0.          0.          0.          0.
  1.56874203 -0.010672    0.41290694 -0.36121452]"
158,1708577307.8522463,"[ 1.98858928e-03  4.37617823e-03  3.19181606e-03  6.87146776e-04
 -1.56855393e+00 -1.96700420e-03]","[ 1.80089343e+00  2.45436933e-02 -4.90873866e-02 -1.45728171e-01
  3.22135948e-02  0.00000000e+00  4.60194238e-03  1.53398083e-03
  3.83495204e-02  0.00000000e+00  6.13592332e-03  0.00000000e+00
  1.57079637e+00 -7.66990380e-03  4.37184513e-01 -3.39009762e-01]","[ 1.79180637  0.02801483 -0.06475065 -0.15892083  0.          0.
  0.          0.          0.          0.          0.          0.
  1.56874203 -0.010672    0.41290694 -0.36121452]"
159,1708577307.996764,"[ 1.98858928e-03  4.37410115e-03  3.19181606e-03  6.86286578e-04
 -1.56854941e+00 -1.96691372e-03]","[ 1.80089343e+00  2.45436933e-02 -4.90873866e-02 -1.45728171e-01
  3.22135948e-02  0.00000000e+00  4.60194238e-03  1.53398083e-03
  3.83495204e-02  0.00000000e+00  6.13592332e-03  0.00000000e+00
  1.57079637e+00 -7.66990380e-03  4.37184513e-01 -3.39009762e-01]","[ 1.79180637  0.02801483 -0.06475065 -0.15892083  0.          0.
  0.          0.          0.          0.          0.          0.
  1.56874203 -0.010672    0.41290694 -0.36121452]"
160,1708577308.1361954,"[ 1.98913757e-03  4.37306261e-03  3.19181606e-03  6.86286578e-04
 -1.56854714e+00 -1.96686849e-03]","[ 1.80089343e+00  2.45436933e-02 -4.90873866e-02 -1.45728171e-01
  3.22135948e-02  0.00000000e+00  4.60194238e-03  1.53398083e-03
  3.83495204e-02  0.00000000e+00  6.13592332e-03  0.00000000e+00
  1.57079637e+00 -7.66990380e-03  4.37184513e-01 -3.39009762e-01]","[ 1.79180637  0.02801483 -0.06475065 -0.15892083  0.          0.
  0.          0.          0.          0.          0.          0.
  1.56874203 -0.010672    0.41290694 -0.36121452]"
161,1708577308.2447026,"[ 1.98913757e-03  4.37098552e-03  3.19181606e-03  6.86286578e-04
 -1.56854337e+00 -1.96831152e-03]","[ 1.80089343e+00  2.45436933e-02 -4.90873866e-02 -1.45728171e-01
  3.22135948e-02  0.00000000e+00  4.60194238e-03  1.53398083e-03
  3.83495204e-02  0.00000000e+00  6.13592332e-03  0.00000000e+00
  1.57079637e+00 -7.66990380e-03  4.37184513e-01 -3.39009762e-01]","[ 1.79180637  0.02801483 -0.06475065 -0.15892083  0.          0.
  0.          0.          0.          0.          0.          0.
  1.56874203 -0.010672    0.41290694 -0.36121452]"
162,1708577308.3822277,"[ 1.98913757e-03  4.36942770e-03  3.19181606e-03  6.86286578e-04
 -1.56854111e+00 -1.96826628e-03]","[ 1.80089343e+00  2.45436933e-02 -4.90873866e-02 -1.45728171e-01
  3.22135948e-02  0.00000000e+00  4.60194238e-03  1.53398083e-03
  3.83495204e-02  0.00000000e+00  6.13592332e-03  0.00000000e+00
  1.57079637e+00 -7.66990380e-03  4.37184513e-01 -3.39009762e-01]","[ 1.79180637  0.02801483 -0.06475065 -0.15892083  0.          0.
  0.          0.          0.          0.          0.          0.
  1.56874203 -0.010672    0.41290694 -0.36121452]"
163,1708577308.4973767,"[ 1.98858928e-03  4.36838916e-03  3.19181606e-03  6.86286578e-04
 -1.56853885e+00 -1.96822105e-03]","[ 1.80089343e+00  2.45436933e-02 -4.90873866e-02 -1.45728171e-01
  3.22135948e-02  0.00000000e+00  4.60194238e-03  1.53398083e-03
  3.83495204e-02  0.00000000e+00  6.13592332e-03  0.00000000e+00
  1.57079637e+00 -7.66990380e-03  4.37184513e-01 -3.40543747e-01]","[ 1.79180637  0.02801483 -0.06475065 -0.15892083  0.          0.
  0.          0.          0.          0.          0.          0.
  1.56874203 -0.010672    0.41290694 -0.36121452]"
164,1708577308.6360004,"[ 1.98913757e-03  4.36579280e-03  3.19181606e-03  6.86286578e-04
 -1.56853583e+00 -1.96816073e-03]","[ 1.80089343e+00  2.45436933e-02 -4.90873866e-02 -1.45728171e-01
  3.22135948e-02  0.00000000e+00  4.60194238e-03  1.53398083e-03
  3.83495204e-02  0.00000000e+00  6.13592332e-03  0.00000000e+00
  1.57079637e+00 -7.66990380e-03  4.37184513e-01 -3.39009762e-01]","[ 1.79180637  0.02801483 -0.06475065 -0.15892083  0.          0.
  0.          0.          0.          0.          0.          0.
  1.56874203 -0.010672    0.41290694 -0.36121452]"
165,1708577308.7722697,"[ 1.98913757e-03  4.36423499e-03  3.19181606e-03  6.86286578e-04
 -1.56853282e+00 -1.96810041e-03]","[ 1.80089343e+00  2.45436933e-02 -4.90873866e-02 -1.45728171e-01
  3.22135948e-02  0.00000000e+00  4.60194238e-03  1.53398083e-03
  3.83495204e-02  0.00000000e+00  6.13592332e-03  0.00000000e+00
  1.57079637e+00 -7.66990380e-03  4.37184513e-01 -3.40543747e-01]","[ 1.79180637  0.02801483 -0.06475065 -0.15892083  0.          0.
  0.          0.          0.          0.          0.          0.
  1.56874203 -0.010672    0.41290694 -0.36121452]"
166,1708577308.926511,"[ 1.98913757e-03  4.36111936e-03  3.19181606e-03  6.86286578e-04
 -1.56852905e+00 -1.96802501e-03]","[ 1.80089343e+00  2.45436933e-02 -4.90873866e-02 -1.45728171e-01
  3.22135948e-02  0.00000000e+00  4.60194238e-03  1.53398083e-03
  3.83495204e-02  0.00000000e+00  6.13592332e-03  0.00000000e+00
  1.57079637e+00 -7.66990380e-03  4.37184513e-01 -3.39009762e-01]","[ 1.79180637  0.02801483 -0.06475065 -0.15892083  0.          0.
  0.          0.          0.          0.          0.          0.
  1.56874203 -0.010672    0.41290694 -0.36121452]"
167,1708577309.0814366,"[ 1.98913757e-03  4.35956155e-03  3.19181606e-03  6.86286578e-04
 -1.56852603e+00 -1.96796469e-03]","[ 1.80089343e+00  2.45436933e-02 -4.90873866e-02 -1.45728171e-01
  3.22135948e-02  0.00000000e+00  4.60194238e-03  1.53398083e-03
  3.83495204e-02  0.00000000e+00  6.13592332e-03  0.00000000e+00
  1.57079637e+00 -7.66990380e-03  4.37184513e-01 -3.40543747e-01]","[ 1.79180637  0.02801483 -0.06475065 -0.15892083  0.          0.
  0.          0.          0.          0.          0.          0.
  1.56874203 -0.010672    0.41290694 -0.36121452]"
168,1708577309.2161913,"[ 1.98858928e-03  4.35748446e-03  3.19181606e-03  6.86286578e-04
 -1.56852302e+00 -1.96790437e-03]","[ 1.80089343e+00  2.45436933e-02 -4.90873866e-02 -1.45728171e-01
  3.22135948e-02  0.00000000e+00  4.60194238e-03  1.53398083e-03
  3.83495204e-02  0.00000000e+00  6.13592332e-03  0.00000000e+00
  1.57079637e+00 -7.66990380e-03  4.37184513e-01 -3.39009762e-01]","[ 1.79180637  0.02801483 -0.06475065 -0.15892083  0.          0.
  0.          0.          0.          0.          0.          0.
  1.56874203 -0.010672    0.41290694 -0.36121452]"
169,1708577309.3530936,"[ 1.98913757e-03  4.35436883e-03  3.19181606e-03  6.86286578e-04
 -1.56851925e+00 -1.96782898e-03]","[ 1.80089343e+00  2.45436933e-02 -4.90873866e-02 -1.45728171e-01
  3.22135948e-02  0.00000000e+00  4.60194238e-03  1.53398083e-03
  3.83495204e-02  0.00000000e+00  6.13592332e-03  0.00000000e+00
  1.57079637e+00 -7.66990380e-03  4.37184513e-01 -3.40543747e-01]","[ 1.79180637  0.02801483 -0.06475065 -0.15892083  0.          0.
  0.          0.          0.          0.          0.          0.
  1.56874203 -0.010672    0.41290694 -0.36121452]"
170,1708577309.5036585,"[ 1.98913757e-03  4.35177247e-03  3.19243164e-03  6.86286578e-04
 -1.56851472e+00 -1.96773850e-03]","[ 1.80089343e+00  2.45436933e-02 -4.90873866e-02 -1.45728171e-01
  3.22135948e-02  0.00000000e+00  4.60194238e-03  1.53398083e-03
  3.83495204e-02  0.00000000e+00  6.13592332e-03  0.00000000e+00
  1.57079637e+00 -7.66990380e-03  4.37184513e-01 -3.40543747e-01]","[ 1.79180637  0.02801483 -0.06475065 -0.15892083  0.          0.
  0.          0.          0.          0.          0.          0.
  1.56874203 -0.010672    0.41290694 -0.36121452]"
171,1708577309.643761,"[ 1.98913757e-03  4.34813757e-03  3.19181606e-03  6.86286578e-04
 -1.56851095e+00 -1.96766310e-03]","[ 1.80089343e+00  2.45436933e-02 -4.90873866e-02 -1.45728171e-01
  3.22135948e-02  0.00000000e+00  4.60194238e-03  1.53398083e-03
  3.83495204e-02  0.00000000e+00  6.13592332e-03  0.00000000e+00
  1.57079637e+00 -7.66990380e-03  4.37184513e-01 -3.39009762e-01]","[ 1.79180637  0.02801483 -0.06475065 -0.15892083  0.          0.
  0.          0.          0.          0.          0.          0.
  1.56874203 -0.010672    0.41290694 -0.36121452]"
172,1708577309.8039117,"[ 1.98913757e-03  4.33411724e-03  3.19243164e-03  6.85426380e-04
 -1.56849210e+00 -1.96880454e-03]","[ 1.80089343e+00  2.45436933e-02 -4.90873866e-02 -1.45728171e-01
  3.22135948e-02  0.00000000e+00  4.60194238e-03  1.53398083e-03
  3.83495204e-02  0.00000000e+00  6.13592332e-03  0.00000000e+00
  1.57079637e+00 -7.66990380e-03  4.37184513e-01 -3.40543747e-01]","[ 1.79180637  0.02801483 -0.06475065 -0.15892083  0.          0.
  0.          0.          0.          0.          0.          0.
  1.56874203 -0.010672    0.41290694 -0.36121452]"
